order_id,date,time,item,quantity,unit_price,payment
1001,2026-01-01,08:05,Espresso,1,2.5,cash
1002,2026-01-01,08:45,Cappuccino,1,3.6,card
1003,2026-01-01,08:51,Tea,,2.2,cash
1004,2026-01-01,09:24,Espresso,1,2.5,card
1005,2026-01-01,12:59,Espresso,2,2.5,mobile
1006,2026-01-01,15:45,Latte,1,3.8,cash
1007,2026-01-01,14:24,Espresso,2,2.5,mobile
1008,2026-01-01,10:59,Latte,2,3.8,card
1009,2026-01-01,13:17,Tea,1,2.2,card
1010,2026-01-01,12:14,Sandwich,2,6.5,cash
1011,2026-01-01,10:45,Croissant,2,2.9,card
1012,2026-01-01,10:15,Latte,2,3.8,mobile
1013,2026-01-01,14:08,Croissant,1,2.9,card
1014,2026-01-01,07:27,Cappuccino,1,3.6,card
1015,2026-01-01,12:00,Cappuccino,1,3.6,card
1016,2026-01-02,09:29,Tea,1,2.2,cash
1017,2026-01-02,14:06,Espresso,2,2.5,mobile
1018,2026-01-02,13:34,Muffin,1,3.1,cash
1019,2026-01-02,16:23,Sandwich,3,6.5,cash
1020,2026-01-02,09:05,Muffin,2,3.1,card
1021,2026-01-02,18:35,Croissant,2,2.9,card
1022,2026-01-02,12:44,Espresso,1,2.5,mobile
1023,2026-01-02,18:07,Latte,1,3.8,cash
1024,2026-01-02,07:45,Latte,,3.8,cash
1025,2026-01-02,16:42, Tea ,1,2.2,mobile
1026,2026-01-02,14:30,Cappuccino,1,3.6,mobile
1027,2026-01-02,08:46,Croissant,1,2.9,card
1028,2026-01-02,13:06,Espresso,2,2.5,card
1029,2026-01-02,11:59,Latte,1,3.8,card
1030,2026-01-02,15:00,Espresso,2,2.5,card
1031,2026-01-03,08:03,Muffin,2,3.1,card
1032,2026-01-03,10:44,Espresso,1,2.5,mobile
1033,2026-01-03,12:03,Sandwich,4,6.5,cash
1034,2026-01-03,14:54,Cappuccino,1,3.6,card
1035,2026-01-03,12:55, Cappuccino ,1,3.6,mobile
1036,2026-01-03,16:26,Latte,1,3.8,card
1037,2026-01-03,09:16,Tea,1,2.2,card
1038,2026-01-03,09:29,Latte,2,3.8,card
1039,2026-01-03,08:22,Tea,1,2.2,card
1040,2026-01-03,10:39,Muffin,3,3.1,card
1041,2026-01-03,12:06,Sandwich,2,6.5,cash
1042,2026-01-03,08:38,Sandwich,1,6.5,card
1043,2026-01-03,13:58,Latte,1,3.8,mobile
1044,2026-01-03,10:40,muffin,1,3.1,card
1045,2026-01-03,11:56,Sandwich,1,6.5,cash
1046,2026-01-03,07:02,Tea,1,2.2,card
1047,2026-01-03,14:15,Latte,3,3.8,mobile
1048,2026-01-03,12:59,Tea,1,2.2,mobile
1049,2026-01-03,18:47,Muffin,,3.1,mobile
1050,2026-01-03,10:10,Muffin,2,3.1,cash
1051,2026-01-03,16:29,Croissant,1,2.9,mobile
1052,2026-01-03,16:17,Latte,2,3.8,card
1053,2026-01-03,09:34,Muffin,4,3.1,cash
1054,2026-01-04,18:06,Sandwich,1,6.5,card
1055,2026-01-04,14:57,Cappuccino,1,3.6,card
1056,2026-01-04,13:46,Cappuccino,1,3.6,card
1057,2026-01-04,08:39,Sandwich,2,6.5,card
1058,2026-01-04,14:25,Latte,2,3.8,card
1059,2026-01-04,08:11,Tea,1,2.2,cash
1060,2026-01-04,12:37,Tea,1,2.2,card
1061,2026-01-04,11:50,Tea,1,2.2,cash
1062,2026-01-04,09:48,Croissant,2,2.9,cash
1063,2026-01-04,15:39,latte,1,3.8,card
1064,2026-01-04,10:31,Muffin,1,3.1,cash
1065,2026-01-04,13:49,Latte,1,3.8,mobile
1066,2026-01-04,17:54, Latte ,1,3.8,card
1067,2026-01-04,11:48,Espresso,1,2.5,card
1068,2026-01-04,14:57,Muffin,2,3.1,card
1069,2026-01-04,11:49,Espresso,3,2.5,mobile
1070,2026-01-04,09:20,Cappuccino,2,3.6,card
1071,2026-01-04,08:26,Muffin,1,3.1,card
1072,2026-01-04,10:37,Latte,1,3.8,card
1073,2026-01-04,16:19,Sandwich,1,6.5,cash
1074,2026-01-04,17:38,Croissant,3,2.9,card
1075,2026-01-04,09:51,Muffin,1,3.1,card
1076,2026-01-04,11:25,Latte,,3.8,card
1077,2026-01-04,07:16,Cappuccino,2,3.6,card
1078,2026-01-04,09:53,Latte,1,3.8,mobile
1079,2026-01-04,11:14, Latte ,2,3.8,cash
1080,2026-01-04,13:01,Tea,2,2.2,mobile
1081,2026-01-05,08:23,Latte,1,3.8,mobile
1082,2026-01-05,14:06,Espresso,2,2.5,card
1083,2026-01-05,12:12,Cappuccino,3,3.6,mobile
1084,2026-01-05,13:38,Espresso,2,2.5,card
1085,2026-01-05,12:04,Croissant,2,2.9,card
1086,2026-01-05,15:40,Cappuccino,1,3.6,mobile
1087,2026-01-05,08:39,Muffin,1,3.1,card
1088,2026-01-05,11:54,Croissant,1,2.9,card
1089,2026-01-05,09:42,Latte,3,3.8,card
1090,2026-01-05,15:21,Latte,1,3.8,card
1091,2026-01-05,16:15,Latte,1,3.8,cash
1092,2026-01-05,14:50,Croissant,1,2.9,cash
1093,2026-01-05,10:35,Espresso,1,2.5,card
1094,2026-01-05,14:16,Cappuccino,1,3.6,card
1095,2026-01-05,09:12,Latte,2,3.8,cash
1096,2026-01-05,14:06,Latte,1,3.8,mobile
1097,2026-01-06,09:03,Latte,1,3.8,cash
1098,2026-01-06,08:36,Cappuccino,2,3.6,mobile
1099,2026-01-06,09:07,Latte,1,3.8,mobile
1100,2026-01-06,07:36, Croissant ,1,2.9,cash
1101,2026-01-06,09:39,Sandwich,1,6.5,cash
1102,2026-01-06,11:19,Latte,1,3.8,card
1103,2026-01-06,17:16,Cappuccino,1,3.6,card
1104,2026-01-06,08:38,tea,1,2.2,card
1105,2026-01-06,09:14,Cappuccino,1,3.6,card
1106,2026-01-06,13:34,Muffin,2,3.1,cash
1107,2026-01-06,09:38, Latte ,1,3.8,card
1108,2026-01-06,09:17,Croissant,1,2.9,card
1109,2026-01-06,07:16,Cappuccino,1,3.6,card
1110,2026-01-06,13:48,Espresso,,2.5,mobile
1111,2026-01-06,07:58,Tea,1,2.2,mobile
1112,2026-01-06,10:26,Latte,4,3.8,mobile
1113,2026-01-06,15:25,Latte,2,3.8,card
1114,2026-01-07,09:52,Espresso,1,2.5,card
1115,2026-01-07,12:48,Sandwich,2,6.5,card
1116,2026-01-07,07:56,Cappuccino,1,3.6,card
1117,2026-01-07,18:35,Tea,1,2.2,cash
1118,2026-01-07,08:41,Espresso,1,2.5,mobile
1119,2026-01-07,13:30,Croissant,1,2.9,card
1120,2026-01-07,10:55,Latte,1,3.8,mobile
1121,2026-01-07,15:00,Espresso,2,2.5,card
1122,2026-01-07,12:34,Latte,1,3.8,mobile
1123,2026-01-07,14:44,Cappuccino,1,3.6,card
1124,2026-01-07,15:58,Latte,1,380.0,card
1125,2026-01-07,13:02,Croissant,1,2.9,mobile
1126,2026-01-07,09:58,Espresso,4,2.5,card
1127,2026-01-07,10:16,Cappuccino,2,3.6,cash
1128,2026-01-07,13:24,Latte,2,3.8,mobile
1129,2026-01-07,16:15,Sandwich,2,6.5,card
1130,2026-01-07,18:40,Tea,3,2.2,cash
1131,2026-01-07,08:03,tea,1,2.2,card
1132,2026-01-07,08:10,Latte,1,3.8,card
1133,2026-01-07,10:14,Espresso,2,2.5,cash
1134,2026-01-07,09:43,Cappuccino,1,3.6,card
1135,2026-01-07,17:44,Cappuccino,1,3.6,mobile
1136,2026-01-08,18:22,Cappuccino,1,3.6,mobile
1137,2026-01-08,09:36,Cappuccino,4,3.6,mobile
1138,2026-01-08,18:57,Muffin,2,3.1,mobile
1139,2026-01-08,13:43,Latte,2,3.8,card
1140,2026-01-08,13:02,Croissant,2,2.9,card
1141,2026-01-08,12:47,Latte,1,3.8,cash
1142,2026-01-08,14:17,Latte,1,3.8,mobile
1143,2026-01-08,15:21,Croissant,1,2.9,card
1144,2026-01-08,07:43,Croissant,1,2.9,mobile
1145,2026-01-08,15:34,Sandwich,,6.5,card
1146,2026-01-08,14:23,Espresso,1,2.5,card
1147,2026-01-08,07:14,Espresso,1,2.5,mobile
1148,2026-01-08,11:02,Tea,2,2.2,cash
1149,2026-01-08,11:29,Sandwich,1,6.5,card
1150,2026-01-08,13:56,Latte,3,3.8,card
1151,2026-01-08,11:23,Latte,1,3.8,card
1152,2026-01-08,09:57,Latte,1,3.8,card
1153,2026-01-08,10:29,Sandwich,1,6.5,card
1154,2026-01-09,12:08,Tea,2,2.2,card
1155,2026-01-09,15:14,Croissant,1,2.9,cash
1156,2026-01-09,16:08,Latte,1,3.8,card
1157,2026-01-09,08:50,Cappuccino,2,3.6,mobile
1158,2026-01-09,08:47,Latte,1,3.8,card
1159,2026-01-09,10:39,Espresso,1,2.5,cash
1160,2026-01-09,16:03,Espresso,2,2.5,card
1161,2026-01-09,10:57,Sandwich,2,6.5,card
1162,2026-01-09,07:20,Espresso,2,2.5,card
1163,2026-01-09,09:07,Latte,1,3.8,card
1164,2026-01-09,14:14,Muffin,2,3.1,cash
1165,2026-01-09,10:16,Latte,2,3.8,cash
1166,2026-01-09,17:06,Latte,1,3.8,card
1167,2026-01-09,08:42,Croissant,1,2.9,card
1168,2026-01-09,13:18,Espresso,1,2.5,mobile
1169,2026-01-10,08:54,Latte,1,3.8,cash
1170,2026-01-10,09:49,Cappuccino,1,3.6,card
1171,2026-01-10,13:17,Croissant,2,2.9,card
1172,2026-01-10,14:09,Espresso,1,2.5,mobile
1173,2026-01-10,08:13,cappuccino,1,3.6,cash
1174,2026-01-10,08:38,Latte,1,3.8,card
1175,2026-01-10,08:42,Espresso,1,2.5,cash
1176,2026-01-10,10:07,Latte,2,3.8,card
1177,2026-01-10,11:38,latte,2,3.8,cash
1178,2026-01-10,17:07,Espresso,1,2.5,mobile
1179,2026-01-10,08:53,Espresso,2,2.5,card
1180,2026-01-10,10:04,Tea,1,2.2,cash
1181,2026-01-10,12:01,Muffin,1,3.1,cash
1182,2026-01-10,17:27,Sandwich,1,6.5,card
1183,2026-01-10,12:21,Muffin,1,3.1,card
1184,2026-01-10,07:49,Latte,2,3.8,cash
1185,2026-01-10,15:12,Latte,2,3.8,mobile
1186,2026-01-10,14:29,Espresso,1,2.5,card
1187,2026-01-10,11:39,Croissant,2,2.9,mobile
1188,2026-01-10,09:50,Latte,4,3.8,card
1189,2026-01-10,12:53,Latte,1,3.8,card
1190,2026-01-10,18:37,Latte,2,3.8,card
1191,2026-01-10,16:20,Cappuccino,2,3.6,card
1192,2026-01-10,17:45,Tea,1,2.2,card
1193,2026-01-10,07:39,Espresso,2,2.5,cash
1194,2026-01-10,09:50,Espresso,1,2.5,card
1195,2026-01-11,13:58,Espresso,1,2.5,card
1196,2026-01-11,07:41,Tea,1,2.2,cash
1197,2026-01-11,12:50,Tea,1,2.2,mobile
1198,2026-01-11,13:05,Latte,1,3.8,mobile
1199,2026-01-11,10:49,Tea,1,2.2,card
1200,2026-01-11,08:49,Cappuccino,1,3.6,card
1201,2026-01-11,12:38,Cappuccino,2,3.6,cash
1202,2026-01-11,15:28,Latte,1,3.8,mobile
1203,2026-01-11,14:50,Espresso,1,2.5,mobile
1204,2026-01-11,09:23,Cappuccino,1,3.6,mobile
1205,2026-01-11,11:26,Tea,1,2.2,mobile
1206,2026-01-11,15:55,Sandwich,2,6.5,card
1207,2026-01-11,13:10,Latte,3,3.8,card
1208,2026-01-11,08:28,Latte,3,3.8,card
1209,2026-01-11,10:05,Muffin,3,3.1,card
1210,2026-01-11,17:08,Latte,1,3.8,mobile
1211,2026-01-11,11:39,Espresso,3,2.5,mobile
1212,2026-01-11,09:33,Espresso,1,2.5,mobile
1213,2026-01-11,09:39,Latte,2,3.8,card
1214,2026-01-11,16:15,cappuccino,1,3.6,cash
1215,2026-01-11,07:42,Tea,1,2.2,card
1216,2026-01-11,07:35,Espresso,4,2.5,card
1217,2026-01-11,07:22,Espresso,3,2.5,card
1218,2026-01-11,14:21,Croissant,1,2.9,cash
1219,2026-01-11,09:44,Espresso,1,2.5,cash
1220,2026-01-11,08:12,Cappuccino,1,3.6,cash
1221,2026-01-11,07:34,Espresso,1,2.5,mobile
1222,2026-01-12,08:21,Latte,2,3.8,card
1223,2026-01-12,10:21,Latte,2,3.8,card
1224,2026-01-12,11:46,Sandwich,1,6.5,mobile
1225,2026-01-12,18:20,Latte,1,3.8,card
1226,2026-01-12,12:02,Tea,1,2.2,card
1227,2026-01-12,13:03,Croissant,3,2.9,card
1228,2026-01-12,10:09,Espresso,2,2.5,mobile
1229,2026-01-12,10:23,Muffin,2,3.1,card
1230,2026-01-12,12:48,Latte,1,3.8,cash
1231,2026-01-12,10:01,Espresso,1,2.5,card
1232,2026-01-12,10:28,Croissant,1,2.9,cash
1233,2026-01-12,13:04,Latte,2,3.8,mobile
1234,2026-01-12,11:20,Cappuccino,3,3.6,card
1235,2026-01-12,12:45,Tea,2,2.2,card
1236,2026-01-12,14:08,Muffin,2,3.1,card
1237,2026-01-12,10:08,Latte,1,3.8,cash
1238,2026-01-12,09:49,Tea,1,2.2,mobile
1239,2026-01-12,08:33, Latte ,1,3.8,card
1240,2026-01-12,14:27,Latte,3,3.8,cash
1241,2026-01-12,15:59,Cappuccino,3,3.6,card
1242,2026-01-12,17:40,Tea,1,2.2,mobile
1243,2026-01-13,13:37,Latte,2,3.8,card
1244,2026-01-13,14:52,Espresso,2,2.5,cash
1245,2026-01-13,17:36,Muffin,1,3.1,mobile
1246,2026-01-13,11:30,Latte,2,3.8,cash
1247,2026-01-13,10:26,Latte,2,3.8,card
1248,2026-01-13,12:55,Cappuccino,1,3.6,card
1249,2026-01-13,14:07,Latte,1,3.8,card
1250,2026-01-13,08:15,Latte,1,3.8,card
1251,2026-01-13,15:10,Sandwich,3,6.5,mobile
1252,2026-01-13,11:32,cappuccino,1,3.6,card
1253,2026-01-13,12:53,Cappuccino,1,3.6,card
1254,2026-01-13,12:46,Tea,1,2.2,mobile
1255,2026-01-13,07:18,Latte,1,3.8,card
1256,2026-01-13,14:07,Espresso,1,2.5,card
1257,2026-01-13,10:09,Espresso,1,2.5,mobile
1258,2026-01-13,11:30,Latte,1,3.8,card
1259,2026-01-13,16:25,Cappuccino,1,3.6,card
1260,2026-01-13,09:45,Sandwich,2,6.5,card
1261,2026-01-13,07:19,Cappuccino,1,3.6,card
1262,2026-01-13,13:50,Croissant,2,2.9,card
1263,2026-01-13,09:46,Sandwich,1,6.5,card
1264,2026-01-13,08:07,tea,2,2.2,cash
1265,2026-01-14,08:58,Espresso,1,2.5,cash
1266,2026-01-14,14:42,Cappuccino,2,3.6,cash
1267,2026-01-14,17:43,Cappuccino,1,3.6,card
1268,2026-01-14,13:15,Croissant,2,2.9,cash
1269,2026-01-14,17:44,Latte,1,3.8,mobile
1270,2026-01-14,10:07,Tea,1,2.2,mobile
1271,2026-01-14,16:09,Cappuccino,1,3.6,card
1272,2026-01-14,13:30,Latte,1,3.8,card
1273,2026-01-14,09:47,Latte,2,3.8,cash
1274,2026-01-14,13:26,Cappuccino,1,3.6,card
1275,2026-01-14,13:10,Latte,1,3.8,card
1276,2026-01-14,16:20,Latte,3,3.8,card
1277,2026-01-14,14:54,Latte,1,3.8,cash
1278,2026-01-14,08:53,Sandwich,3,6.5,mobile
1279,2026-01-14,17:00,Latte,1,3.8,mobile
1280,2026-01-14,17:33,Latte,2,3.8,card
1281,2026-01-14,15:10,Cappuccino,3,3.6,card
1282,2026-01-15,07:12,Tea,2,2.2,card
1283,2026-01-15,16:42,Espresso,3,2.5,mobile
1284,2026-01-15,11:28,espresso,4,2.5,mobile
1285,2026-01-15,09:44,croissant,4,2.9,cash
1286,2026-01-15,11:56,Latte,2,3.8,card
1287,2026-01-15,08:14,Tea,1,2.2,mobile
1288,2026-01-15,11:58,Sandwich,1,6.5,mobile
1289,2026-01-15,13:55,Cappuccino,1,3.6,card
1290,2026-01-15,12:53,Croissant,1,2.9,card
1291,2026-01-15,12:07,Cappuccino,1,3.6,card
1292,2026-01-15,11:08,Tea,2,2.2,mobile
1293,2026-01-15,07:25,Cappuccino,1,3.6,card
1294,2026-01-15,08:34,Latte,1,3.8,card
1295,2026-01-15,07:49,sandwich,3,6.5,mobile
1296,2026-01-15,14:28,Espresso,2,2.5,mobile
1297,2026-01-15,10:41,Muffin,3,3.1,cash
1298,2026-01-15,18:53,Muffin,1,3.1,card
1299,2026-01-15,09:52,Espresso,1,2.5,cash
1300,2026-01-15,08:02,Latte,1,3.8,card
1301,2026-01-15,14:06,croissant,1,2.9,mobile
1302,2026-01-15,13:28,Cappuccino,1,3.6,mobile
1303,2026-01-16,14:58,Cappuccino,2,3.6,card
1304,2026-01-16,12:09,Croissant,1,2.9,cash
1305,2026-01-16,10:47,Sandwich,1,6.5,card
1306,2026-01-16,10:42,Muffin,2,3.1,card
1307,2026-01-16,13:34,Latte,1,3.8,card
1308,2026-01-16,09:35,Cappuccino,2,3.6,cash
1309,2026-01-16,12:05,Latte,1,3.8,card
1310,2026-01-16,08:43,Muffin,2,3.1,cash
1311,2026-01-16,07:13,Tea,1,2.2,mobile
1312,2026-01-16,09:47,cappuccino,3,3.6,mobile
1313,2026-01-16,11:58,Espresso,4,2.5,card
1314,2026-01-16,09:23,Latte,1,3.8,card
1315,2026-01-16,08:58,Cappuccino,1,3.6,mobile
1316,2026-01-16,07:35,Latte,,3.8,mobile
1317,2026-01-16,10:53,Sandwich,1,6.5,card
1318,2026-01-16,17:46,Latte,1,3.8,card
1319,2026-01-16,08:31,Tea,1,2.2,mobile
1320,2026-01-17,13:52,muffin,1,3.1,card
1321,2026-01-17,10:00,Tea,2,2.2,mobile
1322,2026-01-17,07:42,Latte,1,3.8,cash
1323,2026-01-17,12:18,Cappuccino,1,3.6,card
1324,2026-01-17,13:06,Espresso,2,2.5,mobile
1325,2026-01-17,13:05,Cappuccino,1,3.6,card
1326,2026-01-17,12:54,Latte,1,3.8,mobile
1327,2026-01-17,13:30,Espresso,4,2.5,card
1328,2026-01-17,08:36,Espresso,1,2.5,card
1329,2026-01-17,16:44,Sandwich,4,6.5,mobile
1330,2026-01-17,07:36,Muffin,1,3.1,card
1331,2026-01-17,15:52,Tea,1,2.2,card
1332,2026-01-17,07:24,Tea,1,2.2,card
1333,2026-01-17,10:05,Tea,1,2.2,cash
1334,2026-01-17,07:49,Cappuccino,4,3.6,card
1335,2026-01-17,18:28,Tea,1,2.2,card
1336,2026-01-17,17:05,Cappuccino,1,3.6,card
1337,2026-01-17,09:50,Croissant,1,2.9,card
1338,2026-01-17,09:23,tea,2,2.2,card
1339,2026-01-17,07:06,Croissant,1,2.9,card
1340,2026-01-17,08:18,Espresso,1,2.5,cash
1341,2026-01-17,14:33,Latte,2,3.8,cash
1342,2026-01-17,08:27,Espresso,1,2.5,card
1343,2026-01-17,14:31,Latte,1,3.8,card
1344,2026-01-18,07:55,Cappuccino,1,3.6,card
1345,2026-01-18,15:20,Latte,1,3.8,mobile
1346,2026-01-18,11:47,Tea,2,2.2,card
1347,2026-01-18,12:25,Tea,1,2.2,card
1348,2026-01-18,08:01,Latte,3,3.8,mobile
1349,2026-01-18,13:52,Sandwich,1,6.5,card
1350,2026-01-18,13:09,Muffin,2,3.1,card
1351,2026-01-18,07:32,Tea,2,2.2,mobile
1352,2026-01-18,10:51,Muffin,3,3.1,card
1353,2026-01-18,07:41,Cappuccino,2,3.6,mobile
1354,2026-01-18,13:50,Tea,1,2.2,cash
1355,2026-01-18,09:36,Latte,1,3.8,card
1356,2026-01-18,11:01,Latte,1,3.8,cash
1357,2026-01-18,16:22,Cappuccino,1,3.6,card
1358,2026-01-18,08:44,Latte,1,3.8,card
1359,2026-01-18,07:06,cappuccino,1,3.6,cash
1360,2026-01-18,18:35,Tea,1,2.2,card
1361,2026-01-18,15:25,Latte,1,3.8,cash
1362,2026-01-18,08:13,Espresso,2,2.5,cash
1363,2026-01-18,14:23,Latte,2,3.8,cash
1364,2026-01-18,09:38,Latte,1,3.8,mobile
1365,2026-01-18,08:43,Latte,1,3.8,card
1366,2026-01-18,13:19,Tea,1,2.2,card
1366,2026-01-18,13:19,Tea,1,2.2,card
1367,2026-01-18,08:27,Espresso,1,2.5,card
1368,2026-01-18,13:31,Latte,2,3.8,cash
1369,2026-01-19,11:08,Espresso,,2.5,card
1370,2026-01-19,12:45,Latte,1,3.8,cash
1371,2026-01-19,07:17,Croissant,1,2.9,card
1372,2026-01-19,14:32,Latte,1,3.8,cash
1373,2026-01-19,14:02,Espresso,1,2.5,mobile
1374,2026-01-19,08:15,Croissant,1,2.9,card
1375,2026-01-19,11:07,Latte,4,3.8,card
1376,2026-01-19,15:40,Croissant,1,2.9,cash
1377,2026-01-19,14:34,Latte,2,3.8,mobile
1378,2026-01-19,09:54,Latte,1,3.8,cash
1379,2026-01-19,15:03,Cappuccino,3,3.6,card
1380,2026-01-19,08:53,Sandwich,3,6.5,mobile
1381,2026-01-19,10:24,Latte,2,3.8,card
1382,2026-01-19,16:59,Cappuccino,2,3.6,card
1383,2026-01-19,11:05,Muffin,1,3.1,cash
1384,2026-01-19,13:13, Croissant ,1,2.9,card
1385,2026-01-19,11:08,Sandwich,2,6.5,card
1386,2026-01-19,09:50,cappuccino,1,3.6,cash
1387,2026-01-20,08:44,Espresso,3,2.5,card
1388,2026-01-20,09:23,Muffin,3,3.1,mobile
1389,2026-01-20,16:44,Latte,1,3.8,card
1390,2026-01-20,08:37,Croissant,1,2.9,card
1391,2026-01-20,07:27,Latte,2,3.8,cash
1392,2026-01-20,09:23,Tea,1,2.2,card
1393,2026-01-20,14:09,Muffin,1,3.1,mobile
1394,2026-01-20,13:47,Espresso,1,2.5,card
1395,2026-01-20,13:48,Espresso,1,2.5,mobile
1396,2026-01-20,10:41,Espresso,2,2.5,card
1397,2026-01-20,12:54,Espresso,1,2.5,cash
1398,2026-01-20,08:41,Muffin,3,3.1,cash
1399,2026-01-20,17:38,Espresso,3,2.5,card
1400,2026-01-20,07:53,Espresso,3,2.5,card
1401,2026-01-20,13:01,Cappuccino,1,3.6,mobile
1402,2026-01-20,08:18,Cappuccino,1,3.6,mobile
1403,2026-01-20,10:39,Tea,1,2.2,cash
1404,2026-01-20,07:20,Espresso,1,2.5,mobile
1405,2026-01-20,15:46, Latte ,2,3.8,cash
1406,2026-01-20,09:03,Sandwich,1,6.5,mobile
1407,2026-01-20,14:10,Latte,2,3.8,card
1408,2026-01-21,14:49,Sandwich,1,6.5,cash
1409,2026-01-21,08:33,Muffin,2,3.1,mobile
1410,2026-01-21,12:31,Espresso,2,2.5,card
1411,2026-01-21,08:07,Muffin,1,3.1,mobile
1412,2026-01-21,07:24,Latte,1,3.8,mobile
1413,2026-01-21,17:41,Muffin,1,3.1,card
1414,2026-01-21,10:23,Latte,1,3.8,cash
1415,2026-01-21,07:25,Espresso,2,2.5,card
1416,2026-01-21,09:00,Espresso,1,2.5,mobile
1417,2026-01-21,14:31,Latte,1,3.8,cash
1418,2026-01-21,14:59,Sandwich,2,6.5,card
1419,2026-01-21,09:00,Latte,1,3.8,mobile
1420,2026-01-21,14:26,Croissant,1,2.9,card
1421,2026-01-21,18:57,Cappuccino,1,3.6,cash
1422,2026-01-21,16:32,Muffin,1,3.1,card
1423,2026-01-21,07:15,Espresso,2,2.5,cash
1424,2026-01-21,17:28,Latte,3,3.8,card
1425,2026-01-21,08:10,Latte,1,3.8,mobile
1426,2026-01-21,08:29,Cappuccino,1,3.6,card
1427,2026-01-21,08:02,Latte,1,3.8,cash
1428,2026-01-21,08:03,Latte,3,3.8,cash
1429,2026-01-22,07:15,Latte,4,3.8,card
1430,2026-01-22,14:14, Espresso ,1,2.5,card
1431,2026-01-22,10:16,Espresso,2,2.5,cash
1432,2026-01-22,18:05,Muffin,1,3.1,card
1433,2026-01-22,09:36,Muffin,2,3.1,card
1434,2026-01-22,11:58,Latte,2,3.8,card
1435,2026-01-22,16:18,Latte,1,3.8,card
1436,2026-01-22,11:41,Cappuccino,3,3.6,card
1437,2026-01-22,13:50,Muffin,1,3.1,mobile
1438,2026-01-22,14:17,Tea,1,2.2,card
1439,2026-01-22,08:30,Espresso,1,2.5,mobile
1440,2026-01-22,18:17,Cappuccino,2,3.6,mobile
1441,2026-01-22,14:51,Cappuccino,2,3.6,mobile
1442,2026-01-22,18:47,Latte,3,3.8,card
1443,2026-01-22,07:36,Tea,3,2.2,cash
1444,2026-01-22,15:02,Sandwich,2,6.5,mobile
1445,2026-01-22,08:12,espresso,1,2.5,card
1446,2026-01-22,08:09,Croissant,1,2.9,mobile
1447,2026-01-23,15:25,Croissant,2,2.9,mobile
1448,2026-01-23,09:40,Cappuccino,1,3.6,mobile
1449,2026-01-23,08:50,Sandwich,2,6.5,mobile
1450,2026-01-23,15:11,Latte,2,3.8,card
1451,2026-01-23,17:02,Croissant,3,2.9,card
1452,2026-01-23,15:31,Latte,1,3.8,cash
1453,2026-01-23,09:05,Espresso,2,2.5,mobile
1454,2026-01-23,14:44,croissant,2,2.9,card
1455,2026-01-23,08:10,Espresso,1,2.5,card
1456,2026-01-23,10:55,Muffin,1,3.1,card
1457,2026-01-23,09:01,Cappuccino,2,3.6,card
1458,2026-01-23,07:35,Latte,4,3.8,card
1459,2026-01-23,09:27,Sandwich,4,6.5,mobile
1460,2026-01-23,16:12,Sandwich,1,6.5,card
1461,2026-01-23,17:06,Latte,1,3.8,card
1462,2026-01-23,15:18,Espresso,1,2.5,card
1463,2026-01-24,08:19,Latte,1,3.8,card
1464,2026-01-24,16:23,Croissant,1,2.9,card
1465,2026-01-24,11:17,Muffin,1,3.1,card
1466,2026-01-24,13:26,Cappuccino,1,3.6,card
1467,2026-01-24,12:34,Sandwich,1,6.5,mobile
1468,2026-01-24,12:54,Tea,3,2.2,card
1469,2026-01-24,16:07,Tea,1,2.2,mobile
1470,2026-01-24,17:02,Sandwich,1,6.5,card
1471,2026-01-24,10:16,Latte,4,3.8,mobile
1472,2026-01-24,15:54,Latte,2,3.8,card
1473,2026-01-24,16:26,Latte,1,3.8,mobile
1474,2026-01-24,12:06,Espresso,1,2.5,cash
1475,2026-01-24,09:24,Cappuccino,1,3.6,card
1476,2026-01-24,11:43,Tea,1,2.2,card
1477,2026-01-24,16:58,Tea,1,2.2,card
1478,2026-01-24,09:54,Latte,1,3.8,mobile
1479,2026-01-24,16:52,Tea,1,2.2,card
1480,2026-01-24,12:26,Latte,2,3.8,card
1481,2026-01-24,16:19,Croissant,2,2.9,mobile
1482,2026-01-24,14:56,Tea,1,2.2,card
1483,2026-01-24,09:17,Croissant,2,2.9,card
1484,2026-01-24,10:31,Latte,1,3.8,mobile
1485,2026-01-24,16:57,Cappuccino,1,3.6,cash
1486,2026-01-24,08:49,latte,2,3.8,card
1487,2026-01-24,13:01,Sandwich,3,6.5,cash
1488,2026-01-24,13:51,Muffin,4,3.1,card
1489,2026-01-24,15:27,Espresso,1,2.5,card
1490,2026-01-24,11:39,Muffin,3,3.1,card
1491,2026-01-24,12:41,Latte,1,3.8,cash
1492,2026-01-25,07:16,Latte,1,3.8,mobile
1493,2026-01-25,13:03,Tea,4,2.2,card
1494,2026-01-25,12:41,Croissant,2,2.9,cash
1495,2026-01-25,16:36,Cappuccino,1,3.6,card
1496,2026-01-25,13:42,Croissant,1,2.9,cash
1497,2026-01-25,08:30,Latte,1,3.8,cash
1498,2026-01-25,15:21,Espresso,1,2.5,mobile
1499,2026-01-25,08:23,Tea,1,2.2,mobile
1500,2026-01-25,15:39,Latte,1,3.8,card
1501,2026-01-25,11:03,Espresso,3,2.5,mobile
1502,2026-01-25,18:29,Muffin,1,3.1,card
1503,2026-01-25,08:20,Espresso,3,2.5,card
1504,2026-01-25,09:31,Tea,1,2.2,mobile
1505,2026-01-25,08:30,Croissant,2,2.9,card
1506,2026-01-25,08:53,latte,1,3.8,card
1507,2026-01-25,07:19,Cappuccino,1,3.6,cash
1508,2026-01-25,12:18,Espresso,1,2.5,card
1509,2026-01-25,12:57,Cappuccino,1,3.6,card
1510,2026-01-25,08:14,Cappuccino,,3.6,mobile
1511,2026-01-25,14:41,Croissant,1,2.9,cash
1512,2026-01-25,13:03,Croissant,1,2.9,mobile
1513,2026-01-25,07:35,Tea,2,2.2,cash
1514,2026-01-25,08:06,latte,2,3.8,cash
1515,2026-01-25,12:46,Tea,1,2.2,card
1516,2026-01-25,14:53,Tea,1,2.2,card
1517,2026-01-25,13:13,cappuccino,1,3.6,card
1518,2026-01-26,13:09,Latte,1,3.8,mobile
1519,2026-01-26,07:29,Sandwich,2,6.5,cash
1520,2026-01-26,11:18,Sandwich,1,6.5,card
1521,2026-01-26,10:00,Latte,2,3.8,card
1522,2026-01-26,08:56,Muffin,2,3.1,card
1523,2026-01-26,09:53,Croissant,1,2.9,card
1524,2026-01-26,15:44,Latte,3,3.8,cash
1525,2026-01-26,15:36,Croissant,4,2.9,card
1526,2026-01-26,10:53,tea,1,2.2,card
1527,2026-01-26,11:04,Croissant,3,2.9,card
1528,2026-01-26,13:36,Latte,1,3.8,cash
1529,2026-01-26,16:27,Latte,4,3.8,card
1530,2026-01-26,09:35,Tea,1,2.2,cash
1531,2026-01-26,07:31,Muffin,2,3.1,mobile
1532,2026-01-26,11:14,Muffin,1,3.1,card
1533,2026-01-26,15:05,Cappuccino,1,3.6,card
1534,2026-01-26,08:26,Muffin,1,3.1,card
1535,2026-01-26,15:56,Espresso,1,2.5,mobile
1536,2026-01-26,13:14,Cappuccino,1,3.6,mobile
1537,2026-01-26,14:28,Muffin,1,3.1,cash
1538,2026-01-26,08:18,Espresso,2,2.5,card
1539,2026-01-27,07:46,Cappuccino,2,3.6,card
1540,2026-01-27,08:52,Latte,1,3.8,card
1541,2026-01-27,08:37,Croissant,2,2.9,card
1542,2026-01-27,11:00,Espresso,3,2.5,cash
1543,2026-01-27,17:58,Cappuccino,1,3.6,mobile
1544,2026-01-27,08:38,Muffin,2,3.1,mobile
1545,2026-01-27,10:17,Muffin,1,3.1,mobile
1546,2026-01-27,09:56,Latte,1,3.8,mobile
1547,2026-01-27,13:40,Croissant,1,2.9,mobile
1548,2026-01-27,13:45,Latte,1,3.8,cash
1549,2026-01-27,11:22,Tea,4,2.2,cash
1550,2026-01-27,17:34,Cappuccino,1,3.6,cash
1551,2026-01-27,15:42,latte,2,3.8,card
1552,2026-01-27,14:03,Espresso,1,2.5,mobile
1553,2026-01-27,14:55,Tea,1,2.2,card
1554,2026-01-27,08:50,Tea,1,2.2,cash
1555,2026-01-27,13:43,Croissant,1,2.9,mobile
1556,2026-01-27,07:55,Latte,1,3.8,card
1557,2026-01-27,13:47,Cappuccino,1,3.6,cash
1558,2026-01-27,17:11,Tea,2,2.2,card
1559,2026-01-27,08:10,Sandwich,2,6.5,card
1560,2026-01-27,09:20,Cappuccino,1,3.6,cash
1561,2026-01-28,15:04,Croissant,2,2.9,card
1562,2026-01-28,08:26, Croissant ,1,2.9,card
1563,2026-01-28,10:18,Cappuccino,1,3.6,mobile
1564,2026-01-28,12:00,Latte,2,3.8,mobile
1565,2026-01-28,09:02,Espresso,1,2.5,cash
1566,2026-01-28,16:18,Tea,1,2.2,mobile
1567,2026-01-28,14:18,Espresso,1,2.5,card
1568,2026-01-28,12:34,Muffin,1,3.1,mobile
1569,2026-01-28,08:53,Cappuccino,2,3.6,cash
1570,2026-01-28,13:04,Espresso,1,2.5,mobile
1571,2026-01-28,11:50,Croissant,1,2.9,card
1572,2026-01-28,15:25,Latte,1,3.8,mobile
1573,2026-01-28,13:48,Latte,1,3.8,card
1574,2026-01-28,15:43,Croissant,1,2.9,card
1575,2026-01-29,17:10,Tea,1,2.2,card
1576,2026-01-29,10:09,Cappuccino,1,3.6,mobile
1577,2026-01-29,17:00,Latte,3,3.8,mobile
1578,2026-01-29,08:05,Cappuccino,1,3.6,card
1579,2026-01-29,16:32,Latte,2,3.8,card
1580,2026-01-29,13:36,Espresso,1,2.5,card
1581,2026-01-29,17:18,Muffin,3,3.1,mobile
1582,2026-01-29,08:42,Tea,1,2.2,cash
1583,2026-01-29,13:39,Tea,1,2.2,mobile
1584,2026-01-29,08:10,Tea,2,2.2,cash
1585,2026-01-29,08:08,Espresso,1,2.5,cash
1586,2026-01-29,11:06,Tea,1,2.2,card
1587,2026-01-29,15:16,Espresso,2,2.5,mobile
1588,2026-01-29,14:52,Croissant,2,2.9,mobile
1589,2026-01-29,12:34,Cappuccino,1,3.6,mobile
1590,2026-01-29,10:18,Cappuccino,2,3.6,card
1591,2026-01-29,08:51,espresso,1,2.5,card
1592,2026-01-29,14:36,Sandwich,2,6.5,card
1593,2026-01-30,10:23,Croissant,1,2.9,card
1594,2026-01-30,12:56,Latte,2,3.8,mobile
1595,2026-01-30,09:53,Espresso,4,2.5,cash
1596,2026-01-30,12:57,Croissant,1,2.9,card
1597,2026-01-30,10:55,Croissant,1,2.9,mobile
1598,2026-01-30,16:14,Latte,2,3.8,card
1599,2026-01-30,08:07,Espresso,2,2.5,card
1600,2026-01-30,09:37,Tea,1,2.2,card
1601,2026-01-30,07:40,Espresso,2,2.5,card
1602,2026-01-30,08:25,Cappuccino,3,3.6,card
1603,2026-01-30,07:05,Cappuccino,1,3.6,cash
1604,2026-01-30,11:09,Latte,2,3.8,card
1605,2026-01-30,08:21,Croissant,2,2.9,cash
1606,2026-01-30,07:33,Muffin,,3.1,card
1607,2026-01-30,10:39,Muffin,1,3.1,card
1608,2026-01-30,12:57,Cappuccino,3,3.6,mobile
1609,2026-01-31,14:02,Croissant,3,2.9,cash
1610,2026-01-31,17:51,Tea,1,2.2,card
1611,2026-01-31,13:14,Croissant,2,2.9,card
1612,2026-01-31,12:47,Muffin,,3.1,card
1613,2026-01-31,08:20,Croissant,1,2.9,card
1614,2026-01-31,10:36,Latte,1,3.8,cash
1615,2026-01-31,13:30,Latte,1,3.8,mobile
1616,2026-01-31,11:25,Espresso,1,2.5,mobile
1617,2026-01-31,13:10,Croissant,3,2.9,cash
1618,2026-01-31,14:03,Espresso,1,2.5,mobile
1619,2026-01-31,07:27,Espresso,4,2.5,card
1620,2026-01-31,10:25,Espresso,1,2.5,cash
1621,2026-01-31,13:40,Tea,1,2.2,cash
1622,2026-01-31,15:50,Cappuccino,1,3.6,mobile
1623,2026-01-31,09:00,cappuccino,1,3.6,card
1624,2026-01-31,09:12,Sandwich,1,6.5,card
1625,2026-01-31,07:58,Cappuccino,2,3.6,card
1626,2026-01-31,15:25,Cappuccino,1,3.6,card
1627,2026-01-31,10:07, Cappuccino ,1,3.6,card
1628,2026-01-31,16:24,Croissant,4,2.9,mobile
1629,2026-01-31,14:37,Cappuccino,2,3.6,mobile
1630,2026-01-31,09:44,Muffin,1,3.1,card
1631,2026-01-31,17:15,latte,1,3.8,card
1632,2026-01-31,14:20,Latte,1,3.8,card
1633,2026-01-31,09:31,Latte,3,3.8,mobile
1634,2026-01-31,09:53,Croissant,1,2.9,card
1635,2026-01-31,08:39,Tea,1,2.2,mobile
1636,2026-01-31,17:57,Espresso,3,2.5,mobile
1637,2026-01-31,16:17,Sandwich,3,6.5,card
1638,2026-01-31,08:02,Latte,2,3.8,card
1639,2026-02-01,14:20,Latte,3,3.8,card
1640,2026-02-01,08:16,Tea,1,2.2,cash
1641,2026-02-01,09:27,Latte,1,3.8,mobile
1642,2026-02-01,10:08,Latte,2,3.8,mobile
1643,2026-02-01,15:54,Sandwich,2,6.5,cash
1644,2026-02-01,17:31,Latte,1,3.8,card
1645,2026-02-01,13:16,Espresso,3,2.5,card
1646,2026-02-01,10:30, Cappuccino ,1,3.6,cash
1647,2026-02-01,14:51,Croissant,1,2.9,card
1648,2026-02-01,08:36,Latte,1,3.8,mobile
1649,2026-02-01,18:49,Tea,1,2.2,card
1650,2026-02-01,10:10,Croissant,3,2.9,card
1651,2026-02-01,10:05,Tea,3,2.2,cash
1652,2026-02-01,09:17,Espresso,1,2.5,card
1653,2026-02-01,17:10,Muffin,2,3.1,cash
1654,2026-02-01,14:05,Latte,1,3.8,cash
1655,2026-02-01,08:49,Latte,1,3.8,mobile
1656,2026-02-01,07:56,Latte,2,3.8,card
1657,2026-02-01,14:10,Latte,1,3.8,card
1658,2026-02-01,15:34,Espresso,2,2.5,card
1659,2026-02-01,08:29,Sandwich,1,6.5,mobile
1660,2026-02-01,12:22,Tea,2,2.2,card
1661,2026-02-01,07:00,Cappuccino,1,3.6,card
1662,2026-02-01,15:59,Espresso,,2.5,card
1663,2026-02-01,09:50,Cappuccino,2,3.6,mobile
1664,2026-02-01,10:47,Espresso,1,2.5,cash
1665,2026-02-01,08:51,Tea,2,2.2,card
1666,2026-02-01,13:26,Muffin,2,3.1,card
1667,2026-02-01,08:44,Latte,1,3.8,card
1668,2026-02-01,07:06,Tea,1,2.2,card
1669,2026-02-02,14:21,Latte,2,3.8,card
1670,2026-02-02,11:05,Latte,2,3.8,card
1671,2026-02-02,07:12, Muffin ,4,3.1,mobile
1672,2026-02-02,10:24,Muffin,1,3.1,card
1673,2026-02-02,14:33,Croissant,1,2.9,card
1674,2026-02-02,10:46,Tea,1,2.2,mobile
1675,2026-02-02,12:56,Espresso,3,2.5,card
1676,2026-02-02,18:50,Espresso,,2.5,card
1677,2026-02-02,14:30,latte,1,3.8,card
1678,2026-02-02,14:21,Tea,1,2.2,card
1679,2026-02-02,13:50,Sandwich,4,6.5,card
1680,2026-02-02,09:57,Espresso,1,2.5,cash
1681,2026-02-02,13:31,Latte,1,3.8,card
1682,2026-02-02,12:20,Tea,1,2.2,card
1683,2026-02-02,15:09,Croissant,1,2.9,mobile
1684,2026-02-02,12:46,Cappuccino,2,3.6,card
1685,2026-02-02,15:42,Latte,1,3.8,mobile
1686,2026-02-02,08:18,Sandwich,2,6.5,cash
1687,2026-02-03,08:11,latte,1,3.8,cash
1688,2026-02-03,11:42,Muffin,1,3.1,card
1689,2026-02-03,12:00,Cappuccino,2,3.6,card
1690,2026-02-03,11:03, Sandwich ,1,6.5,mobile
1691,2026-02-03,16:39,Latte,2,3.8,mobile
1692,2026-02-03,07:06,Latte,1,3.8,card
1693,2026-02-03,10:11,Espresso,1,2.5,card
1694,2026-02-03,14:44,Cappuccino,1,3.6,mobile
1695,2026-02-03,08:10,Tea,3,2.2,card
1696,2026-02-03,17:54,Cappuccino,1,3.6,mobile
1697,2026-02-03,10:13,Latte,2,3.8,cash
1698,2026-02-03,14:00,Latte,1,3.8,card
1699,2026-02-03,12:19,Croissant,4,2.9,card
1700,2026-02-03,09:58,Sandwich,1,6.5,mobile
1701,2026-02-03,17:08,cappuccino,1,3.6,card
1702,2026-02-03,09:36,Latte,3,3.8,card
1703,2026-02-03,14:44,Muffin,2,3.1,mobile
1704,2026-02-03,08:24,tea,2,2.2,cash
1705,2026-02-03,14:55,Espresso,1,2.5,card
1706,2026-02-04,13:24,muffin,1,3.1,cash
1707,2026-02-04,09:09,Espresso,1,2.5,cash
1708,2026-02-04,10:14,Espresso,2,2.5,card
1709,2026-02-04,08:35,Latte,2,3.8,card
1710,2026-02-04,11:35,Latte,1,3.8,mobile
1711,2026-02-04,12:15,Latte,1,3.8,cash
1712,2026-02-04,09:27,Espresso,2,2.5,mobile
1713,2026-02-04,09:22,Latte,1,3.8,cash
1714,2026-02-04,11:12,tea,4,2.2,card
1715,2026-02-04,14:39,Tea,1,2.2,card
1716,2026-02-04,15:28,Muffin,3,3.1,card
1717,2026-02-04,14:35,Cappuccino,1,3.6,card
1718,2026-02-04,08:42,cappuccino,2,3.6,cash
1719,2026-02-04,07:29,Cappuccino,1,3.6,card
1720,2026-02-04,10:55,Tea,1,2.2,card
1721,2026-02-05,13:06,Espresso,3,2.5,card
1722,2026-02-05,12:35,Muffin,1,3.1,card
1723,2026-02-05,09:10,Muffin,1,3.1,card
1724,2026-02-05,10:17,Espresso,2,2.5,card
1725,2026-02-05,16:35,Croissant,,2.9,mobile
1726,2026-02-05,09:33,Sandwich,1,6.5,card
1727,2026-02-05,13:19,Sandwich,2,6.5,card
1728,2026-02-05,12:51,Muffin,1,3.1,card
1729,2026-02-05,13:58,Latte,1,3.8,mobile
1730,2026-02-05,17:46,Sandwich,1,6.5,mobile
1731,2026-02-05,16:26,Espresso,1,2.5,cash
1732,2026-02-05,14:09,Sandwich,1,6.5,mobile
1733,2026-02-05,08:36,Croissant,1,2.9,mobile
1734,2026-02-05,09:08, Tea ,1,2.2,card
1735,2026-02-05,13:08,Cappuccino,2,3.6,card
1736,2026-02-06,14:47,Latte,1,3.8,card
1737,2026-02-06,08:39,Tea,1,2.2,card
1738,2026-02-06,11:47,Cappuccino,1,3.6,card
1739,2026-02-06,10:41,Croissant,2,2.9,mobile
1740,2026-02-06,12:15,Muffin,2,3.1,card
1741,2026-02-06,14:03,Cappuccino,1,3.6,cash
1742,2026-02-06,16:18,Latte,1,3.8,mobile
1743,2026-02-06,12:46,Tea,1,2.2,card
1744,2026-02-06,12:20,Cappuccino,1,3.6,mobile
1745,2026-02-06,12:16,Cappuccino,1,3.6,cash
1746,2026-02-06,13:45,Latte,2,3.8,card
1747,2026-02-06,12:10,Cappuccino,1,3.6,card
1748,2026-02-06,14:09,Latte,1,3.8,mobile
1749,2026-02-06,14:28,Espresso,1,2.5,card
1750,2026-02-06,16:00,latte,1,3.8,mobile
1751,2026-02-06,12:37,Cappuccino,3,3.6,card
1752,2026-02-07,12:40,Cappuccino,1,3.6,card
1753,2026-02-07,07:54,Cappuccino,2,3.6,card
1754,2026-02-07,12:11,Espresso,1,2.5,card
1755,2026-02-07,13:29,Espresso,1,2.5,cash
1756,2026-02-07,07:52,Croissant,1,2.9,mobile
1757,2026-02-07,12:17,Espresso,1,2.5,card
1758,2026-02-07,08:40, Latte ,1,3.8,card
1759,2026-02-07,14:27,Cappuccino,1,3.6,cash
1760,2026-02-07,12:36,Tea,1,2.2,mobile
1761,2026-02-07,11:18,Cappuccino,2,3.6,mobile
1762,2026-02-07,07:51,Sandwich,1,6.5,cash
1763,2026-02-07,07:40,Tea,1,2.2,card
1764,2026-02-07,14:00,Latte,1,3.8,card
1765,2026-02-07,10:12,Espresso,1,2.5,cash
1766,2026-02-07,13:30,Latte,1,3.8,mobile
1767,2026-02-07,16:59,Espresso,1,2.5,mobile
1768,2026-02-07,09:13,Croissant,2,2.9,cash
1769,2026-02-07,16:53, Cappuccino ,1,3.6,mobile
1770,2026-02-07,13:38,Espresso,4,2.5,mobile
1771,2026-02-07,09:05,Espresso,2,2.5,mobile
1772,2026-02-07,11:07,Cappuccino,1,3.6,mobile
1773,2026-02-07,08:57,Latte,1,3.8,card
1774,2026-02-07,17:09,Cappuccino,1,3.6,cash
1775,2026-02-07,18:02,Croissant,1,2.9,card
1776,2026-02-07,12:38,Cappuccino,2,3.6,card
1777,2026-02-07,16:01,Muffin,1,3.1,card
1778,2026-02-07,16:20,Cappuccino,1,3.6,card
1779,2026-02-07,09:35,Croissant,2,2.9,card
1780,2026-02-07,10:18,Cappuccino,1,3.6,card
1781,2026-02-08,16:57, Espresso ,,2.5,card
1782,2026-02-08,07:37,Tea,1,2.2,card
1783,2026-02-08,11:48,Tea,2,2.2,card
1784,2026-02-08,18:52,Tea,1,2.2,mobile
1785,2026-02-08,08:30,Croissant,2,2.9,card
1786,2026-02-08,15:44,Latte,1,3.8,cash
1787,2026-02-08,15:07,Muffin,1,3.1,card
1788,2026-02-08,08:06,Latte,1,3.8,mobile
1789,2026-02-08,08:29, Latte ,2,3.8,cash
1790,2026-02-08,13:21,Latte,1,3.8,card
1791,2026-02-08,10:44,Latte,2,3.8,mobile
1792,2026-02-08,07:37,Latte,2,3.8,mobile
1793,2026-02-08,08:38,Cappuccino,1,3.6,card
1794,2026-02-08,14:05,Espresso,2,2.5,card
1795,2026-02-08,12:42,Latte,1,3.8,mobile
1796,2026-02-08,10:20,Espresso,1,2.5,cash
1797,2026-02-08,13:58,Latte,2,3.8,mobile
1798,2026-02-08,07:18,Latte,1,3.8,mobile
1799,2026-02-08,18:07,Espresso,3,2.5,card
1800,2026-02-08,09:24,Muffin,3,3.1,cash
1801,2026-02-08,08:53,Latte,1,3.8,card
1802,2026-02-08,08:04,Muffin,2,3.1,mobile
1803,2026-02-08,16:08,Tea,1,2.2,cash
1804,2026-02-08,11:11,Tea,1,2.2,mobile
1805,2026-02-08,15:00,Cappuccino,1,3.6,card
1806,2026-02-09,11:02,Muffin,1,3.1,card
1807,2026-02-09,08:46,Cappuccino,2,3.6,card
1808,2026-02-09,14:39,Cappuccino,3,3.6,card
1809,2026-02-09,14:51, Espresso ,1,2.5,mobile
1810,2026-02-09,16:57,cappuccino,2,3.6,card
1811,2026-02-09,10:02,Cappuccino,2,3.6,mobile
1812,2026-02-09,09:37,Tea,1,2.2,mobile
1813,2026-02-09,18:05,Espresso,1,2.5,mobile
1814,2026-02-09,14:16,Espresso,1,2.5,card
1815,2026-02-09,08:51,Espresso,1,2.5,cash
1816,2026-02-09,09:05,Espresso,2,2.5,card
1817,2026-02-09,15:24,Sandwich,1,6.5,mobile
1818,2026-02-09,13:41,Latte,1,3.8,card
1819,2026-02-09,07:48,Latte,2,3.8,card
1820,2026-02-09,13:27,Muffin,1,3.1,card
1821,2026-02-09,11:02,Espresso,3,2.5,cash
1822,2026-02-09,10:17,Espresso,1,2.5,mobile
1823,2026-02-09,08:47,Latte,1,3.8,cash
1824,2026-02-09,14:20,Latte,2,3.8,card
1825,2026-02-09,15:28,Cappuccino,2,3.6,card
1826,2026-02-09,09:38,Latte,2,3.8,card
1827,2026-02-10,13:42,Sandwich,2,6.5,card
1828,2026-02-10,15:18,Croissant,2,2.9,card
1829,2026-02-10,13:57,Cappuccino,3,3.6,mobile
1830,2026-02-10,09:24,Tea,2,2.2,mobile
1831,2026-02-10,17:59,Latte,1,3.8,card
1832,2026-02-10,13:39,Latte,1,3.8,card
1833,2026-02-10,13:16, Tea ,3,2.2,card
1834,2026-02-10,11:24,croissant,1,2.9,cash
1835,2026-02-10,16:31,Latte,2,3.8,cash
1836,2026-02-10,14:24, Cappuccino ,1,3.6,mobile
1837,2026-02-10,11:43,Sandwich,2,6.5,cash
1838,2026-02-10,18:21,Latte,1,3.8,cash
1839,2026-02-10,14:24,Espresso,1,2.5,cash
1840,2026-02-10,10:56,Tea,1,2.2,card
1841,2026-02-10,08:31,Tea,2,2.2,card
1842,2026-02-10,13:01,Latte,2,3.8,card
1843,2026-02-10,14:42,Espresso,1,2.5,card
1844,2026-02-11,16:02,Cappuccino,2,3.6,card
1845,2026-02-11,07:41,Croissant,1,2.9,mobile
1846,2026-02-11,07:10,Espresso,1,2.5,card
1847,2026-02-11,15:04,Croissant,1,2.9,card
1848,2026-02-11,15:43,Croissant,1,2.9,mobile
1849,2026-02-11,15:21,Cappuccino,1,3.6,mobile
1850,2026-02-11,14:15,Espresso,1,2.5,card
1851,2026-02-11,08:01,Muffin,1,3.1,mobile
1852,2026-02-11,07:18,Muffin,1,3.1,mobile
1853,2026-02-11,14:33,Latte,2,3.8,cash
1854,2026-02-11,08:39,Cappuccino,1,3.6,cash
1855,2026-02-11,14:07,sandwich,2,6.5,card
1856,2026-02-11,13:29,Sandwich,4,6.5,mobile
1857,2026-02-11,09:58,Croissant,2,2.9,card
1858,2026-02-11,13:27,Cappuccino,1,3.6,card
1859,2026-02-11,16:34,Latte,2,3.8,card
1860,2026-02-11,11:37,Espresso,2,2.5,card
1861,2026-02-11,14:14,Cappuccino,1,3.6,mobile
1862,2026-02-11,16:31,Espresso,2,2.5,card
1863,2026-02-11,08:29,Espresso,1,2.5,cash
1864,2026-02-11,18:03,Tea,2,2.2,card
1865,2026-02-11,11:18,Latte,1,3.8,card
1866,2026-02-12,13:05,Croissant,2,2.9,card
1867,2026-02-12,15:00,Latte,1,3.8,card
1868,2026-02-12,09:37,Croissant,2,2.9,card
1869,2026-02-12,16:46,sandwich,3,6.5,card
1870,2026-02-12,12:28,Croissant,1,2.9,card
1871,2026-02-12,14:22,Cappuccino,1,3.6,cash
1872,2026-02-12,08:54,Latte,2,3.8,card
1873,2026-02-12,18:11,Cappuccino,1,3.6,card
1874,2026-02-12,11:57,Croissant,1,2.9,cash
1875,2026-02-12,09:36,Tea,1,2.2,mobile
1876,2026-02-12,07:58,Croissant,2,2.9,mobile
1877,2026-02-12,08:11,Tea,3,2.2,card
1878,2026-02-12,12:34,Tea,2,2.2,mobile
1879,2026-02-12,17:47,Espresso,1,2.5,cash
1880,2026-02-12,16:23,Croissant,1,2.9,card
1881,2026-02-12,12:34,Latte,1,3.8,card
1882,2026-02-13,13:12,Cappuccino,1,3.6,cash
1883,2026-02-13,07:06,Muffin,1,3.1,mobile
1884,2026-02-13,08:01,Espresso,1,2.5,card
1885,2026-02-13,12:41,Latte,4,3.8,card
1886,2026-02-13,07:21,Espresso,1,2.5,mobile
1887,2026-02-13,13:53,Latte,1,3.8,card
1888,2026-02-13,12:14,Cappuccino,1,3.6,mobile
1889,2026-02-13,14:10,Cappuccino,4,3.6,card
1889,2026-02-13,14:10,Cappuccino,4,3.6,card
1890,2026-02-13,12:57,Tea,1,2.2,card
1891,2026-02-13,09:16,Tea,1,2.2,card
1892,2026-02-13,13:28,Latte,1,3.8,cash
1893,2026-02-13,09:09,Cappuccino,1,3.6,mobile
1894,2026-02-13,08:41,Sandwich,3,6.5,mobile
1895,2026-02-13,09:09,Tea,1,2.2,mobile
1896,2026-02-13,17:02,Croissant,2,2.9,card
1897,2026-02-13,09:05,Espresso,1,2.5,card
1898,2026-02-13,08:12,Latte,2,3.8,card
1899,2026-02-13,11:12,Espresso,1,2.5,cash
1900,2026-02-14,17:54,Latte,2,3.8,mobile
1901,2026-02-14,07:35,Latte,1,3.8,card
1902,2026-02-14,11:51,Espresso,2,2.5,mobile
1903,2026-02-14,14:09,Croissant,3,2.9,card
1904,2026-02-14,16:48, Latte ,1,3.8,mobile
1905,2026-02-14,13:36,Latte,1,3.8,card
1906,2026-02-14,08:52,Croissant,1,2.9,card
1907,2026-02-14,11:09,Latte,1,3.8,cash
1908,2026-02-14,15:26,Latte,4,3.8,card
1909,2026-02-14,13:04,Espresso,3,2.5,card
1910,2026-02-14,11:44,Cappuccino,1,3.6,card
1911,2026-02-14,14:09,Croissant,1,2.9,card
1912,2026-02-14,08:58,Latte,3,3.8,card
1913,2026-02-14,09:40, Sandwich ,1,6.5,cash
1914,2026-02-14,14:43,Latte,1,3.8,card
1915,2026-02-14,13:09,Croissant,1,2.9,card
1916,2026-02-14,10:06,Espresso,1,2.5,card
1917,2026-02-14,15:33,Latte,1,3.8,mobile
1918,2026-02-14,13:07,Muffin,2,3.1,mobile
1919,2026-02-14,11:56,Croissant,3,2.9,card
1920,2026-02-14,18:07,Sandwich,1,6.5,card
1921,2026-02-14,08:05,Latte,3,3.8,card
1922,2026-02-14,08:12,Latte,2,3.8,card
1923,2026-02-14,12:04,Espresso,2,2.5,card
1924,2026-02-14,08:12,Latte,1,3.8,card
1925,2026-02-14,08:22,Latte,1,3.8,mobile
1926,2026-02-14,14:52,Latte,3,3.8,cash
1927,2026-02-14,08:34,Cappuccino,1,3.6,card
1928,2026-02-14,17:44,Espresso,2,2.5,mobile
1929,2026-02-15,08:14,Latte,4,3.8,card
1930,2026-02-15,09:23,Latte,2,3.8,card
1931,2026-02-15,07:38,Tea,1,2.2,card
1932,2026-02-15,15:27,Croissant,2,2.9,card
1933,2026-02-15,15:43,Latte,1,3.8,card
1934,2026-02-15,10:25,Cappuccino,1,3.6,cash
1935,2026-02-15,14:12,Tea,4,2.2,mobile
1936,2026-02-15,18:17,Latte,1,3.8,card
1937,2026-02-15,12:22,Croissant,2,2.9,mobile
1938,2026-02-15,10:06,Cappuccino,2,3.6,card
1939,2026-02-15,09:53,espresso,1,2.5,mobile
1940,2026-02-15,18:39,Espresso,2,2.5,card
1941,2026-02-15,13:18,Tea,2,2.2,card
1942,2026-02-15,09:48,Tea,1,2.2,card
1943,2026-02-15,16:29,Espresso,1,2.5,card
1944,2026-02-15,13:27,Espresso,1,2.5,mobile
1945,2026-02-15,11:43,Espresso,2,2.5,card
1946,2026-02-15,12:37, Cappuccino ,1,3.6,card
1947,2026-02-15,10:02,Sandwich,,6.5,mobile
1948,2026-02-15,15:24,Espresso,1,2.5,cash
1949,2026-02-15,10:41,Espresso,1,2.5,card
1950,2026-02-15,13:34,Latte,1,3.8,mobile
1951,2026-02-15,15:44,Latte,1,3.8,cash
1952,2026-02-15,09:31,Cappuccino,1,3.6,cash
1953,2026-02-16,11:19,Tea,1,2.2,mobile
1954,2026-02-16,11:34,Latte,1,3.8,mobile
1955,2026-02-16,09:05,Latte,1,3.8,cash
1956,2026-02-16,12:27,Tea,1,2.2,card
1957,2026-02-16,13:34,Latte,2,3.8,card
1958,2026-02-16,09:56,Latte,1,3.8,card
1959,2026-02-16,15:47,Espresso,2,2.5,cash
1960,2026-02-16,13:59,Sandwich,1,6.5,mobile
1961,2026-02-16,12:43,Cappuccino,2,3.6,card
1962,2026-02-16,10:54,Croissant,2,2.9,mobile
1963,2026-02-16,13:07,Latte,2,3.8,card
1964,2026-02-16,14:27,Espresso,1,2.5,card
1965,2026-02-16,08:42,Tea,1,2.2,card
1966,2026-02-16,07:57,Cappuccino,2,3.6,cash
1967,2026-02-16,16:42,Espresso,2,2.5,mobile
1968,2026-02-17,15:07,Latte,2,3.8,card
1969,2026-02-17,17:15,Cappuccino,2,3.6,mobile
1970,2026-02-17,09:47,Cappuccino,2,3.6,mobile
1971,2026-02-17,08:16,Latte,1,3.8,card
1972,2026-02-17,12:30,Muffin,1,3.1,cash
1973,2026-02-17,16:52,Tea,4,2.2,mobile
1974,2026-02-17,16:03,Latte,2,3.8,card
1975,2026-02-17,09:23,Tea,2,2.2,cash
1976,2026-02-17,12:25,Muffin,,3.1,card
1977,2026-02-17,09:55,Muffin,3,3.1,mobile
1978,2026-02-17,13:02,Muffin,3,3.1,mobile
1979,2026-02-17,14:21,Latte,1,3.8,card
1980,2026-02-17,15:22,Tea,3,2.2,mobile
1981,2026-02-17,12:41,Latte,2,3.8,card
1982,2026-02-17,14:20,Tea,2,2.2,card
1983,2026-02-18,13:38,Espresso,1,2.5,mobile
1984,2026-02-18,09:43,Tea,2,2.2,card
1985,2026-02-18,09:24,Cappuccino,1,3.6,card
1986,2026-02-18,08:40,Sandwich,3,6.5,mobile
1987,2026-02-18,11:39,Latte,1,3.8,card
1988,2026-02-18,07:45,Latte,1,3.8,card
1989,2026-02-18,17:13,Cappuccino,2,3.6,mobile
1990,2026-02-18,14:54,Latte,3,3.8,card
1991,2026-02-18,15:50,Latte,1,3.8,cash
1992,2026-02-18,09:43,Espresso,1,2.5,cash
1993,2026-02-18,11:13,Tea,1,2.2,mobile
1994,2026-02-18,14:21,Tea,2,2.2,card
1995,2026-02-18,10:45,Sandwich,1,6.5,cash
1996,2026-02-18,09:23,Croissant,1,2.9,cash
1997,2026-02-18,07:21,Espresso,3,2.5,card
1998,2026-02-19,12:08,Espresso,1,2.5,card
1999,2026-02-19,09:16,Cappuccino,4,3.6,card
2000,2026-02-19,09:31,Tea,2,2.2,card
2001,2026-02-19,15:09,Croissant,1,2.9,cash
2002,2026-02-19,11:57,Espresso,1,2.5,card
2003,2026-02-19,10:54,Muffin,1,3.1,cash
2004,2026-02-19,10:47,Tea,1,2.2,card
2005,2026-02-19,16:33,Cappuccino,1,3.6,cash
2006,2026-02-19,16:21,Croissant,1,2.9,card
2007,2026-02-19,13:53,Espresso,2,2.5,card
2008,2026-02-19,11:17,Latte,1,3.8,cash
2009,2026-02-19,18:46,Cappuccino,1,3.6,cash
2010,2026-02-19,14:18,Sandwich,3,6.5,card
2011,2026-02-19,07:11,Latte,1,3.8,mobile
2012,2026-02-19,10:25,Latte,2,3.8,card
2013,2026-02-19,13:51,Latte,2,3.8,card
2014,2026-02-19,12:12,Muffin,3,3.1,card
2015,2026-02-19,11:51,Cappuccino,3,3.6,cash
2016,2026-02-19,13:43,Latte,1,3.8,card
2017,2026-02-19,08:18,Latte,2,3.8,card
2018,2026-02-19,15:19,Cappuccino,1,3.6,card
2019,2026-02-20,07:27,cappuccino,1,3.6,card
2020,2026-02-20,14:49,Latte,1,3.8,mobile
2021,2026-02-20,13:05,Cappuccino,1,3.6,card
2022,2026-02-20,09:51,Latte,2,3.8,cash
2023,2026-02-20,16:38,Latte,4,3.8,card
2024,2026-02-20,10:41,Latte,,3.8,card
2025,2026-02-20,16:39,Cappuccino,2,3.6,mobile
2026,2026-02-20,13:05,Croissant,2,2.9,mobile
2027,2026-02-20,08:13,Espresso,1,2.5,card
2028,2026-02-20,09:05,Cappuccino,1,3.6,mobile
2029,2026-02-20,11:44,Latte,1,3.8,card
2030,2026-02-20,07:53,Cappuccino,1,3.6,card
2031,2026-02-20,07:54,Croissant,1,2.9,cash
2032,2026-02-20,14:32,cappuccino,1,3.6,mobile
2033,2026-02-20,13:33,Cappuccino,2,3.6,mobile
2034,2026-02-20,12:07,Espresso,1,2.5,card
2035,2026-02-20,09:12,cappuccino,3,3.6,cash
2036,2026-02-21,08:53,Latte,1,3.8,mobile
2037,2026-02-21,16:43,Tea,1,2.2,cash
2038,2026-02-21,11:44,Tea,1,2.2,mobile
2039,2026-02-21,08:26,Croissant,2,2.9,card
2040,2026-02-21,09:16,Sandwich,1,6.5,cash
2041,2026-02-21,15:27,latte,1,3.8,mobile
2042,2026-02-21,12:49,Espresso,1,2.5,card
2042,2026-02-21,12:49,Espresso,1,2.5,card
2043,2026-02-21,09:42,Espresso,3,2.5,card
2044,2026-02-21,17:06,Espresso,1,2.5,mobile
2045,2026-02-21,15:10,Croissant,2,2.9,card
2046,2026-02-21,16:32,Tea,3,2.2,card
2047,2026-02-21,08:12,Cappuccino,3,3.6,card
2048,2026-02-21,14:32,Latte,1,3.8,card
2049,2026-02-21,13:48,Espresso,1,2.5,card
2050,2026-02-21,09:29,Croissant,1,2.9,mobile
2051,2026-02-21,13:45,Sandwich,1,6.5,mobile
2052,2026-02-21,07:03,Croissant,3,2.9,card
2053,2026-02-21,17:45,Latte,1,3.8,card
2054,2026-02-21,18:55,Croissant,3,2.9,card
2055,2026-02-21,16:58,Latte,2,3.8,card
2056,2026-02-21,13:28,Espresso,1,2.5,mobile
2057,2026-02-21,14:02,Tea,3,2.2,card
2058,2026-02-21,13:13,Cappuccino,1,3.6,mobile
2059,2026-02-21,12:50,Espresso,,2.5,mobile
2060,2026-02-21,15:46,Cappuccino,1,3.6,card
2061,2026-02-21,13:07,espresso,1,2.5,card
2062,2026-02-21,07:37,Cappuccino,1,3.6,card
2063,2026-02-21,13:18,Cappuccino,3,3.6,card
2064,2026-02-21,12:06,Tea,2,2.2,card
2065,2026-02-22,14:26,Cappuccino,1,3.6,card
2066,2026-02-22,16:33,Espresso,1,2.5,card
2067,2026-02-22,14:28,Latte,1,3.8,mobile
2068,2026-02-22,14:31,Tea,3,2.2,card
2069,2026-02-22,13:30,Tea,1,2.2,mobile
2070,2026-02-22,12:07,Espresso,1,2.5,mobile
2071,2026-02-22,07:19,Espresso,1,2.5,card
2072,2026-02-22,08:19,Latte,1,3.8,mobile
2073,2026-02-22,15:55,Muffin,1,3.1,card
2074,2026-02-22,09:53,Espresso,1,2.5,card
2074,2026-02-22,09:53,Espresso,1,2.5,card
2075,2026-02-22,14:28,Croissant,2,2.9,card
2076,2026-02-22,07:57,Espresso,2,2.5,cash
2077,2026-02-22,17:55,Latte,1,3.8,mobile
2078,2026-02-22,13:41,Espresso,1,2.5,mobile
2079,2026-02-22,13:12, Cappuccino ,1,3.6,cash
2080,2026-02-22,07:17,Croissant,1,2.9,cash
2081,2026-02-22,13:38,Croissant,1,2.9,mobile
2082,2026-02-22,11:01,Latte,1,3.8,mobile
2083,2026-02-22,09:09,Muffin,1,3.1,card
2084,2026-02-22,08:20,Latte,2,3.8,mobile
2085,2026-02-22,09:16,Latte,2,3.8,card
2086,2026-02-22,08:31,Latte,2,3.8,card
2087,2026-02-22,17:04,Cappuccino,1,3.6,card
2088,2026-02-22,09:43,Cappuccino,1,3.6,mobile
2089,2026-02-22,13:54,Espresso,2,2.5,card
2090,2026-02-22,18:34,Tea,1,2.2,card
2091,2026-02-22,12:39,Sandwich,4,6.5,card
2092,2026-02-23,07:43,Tea,1,2.2,mobile
2093,2026-02-23,13:47,Latte,1,3.8,cash
2094,2026-02-23,07:17,Cappuccino,1,3.6,cash
2095,2026-02-23,11:40,Muffin,1,3.1,mobile
2096,2026-02-23,11:29,Latte,2,3.8,card
2097,2026-02-23,16:00,Sandwich,1,6.5,card
2098,2026-02-23,10:34,Muffin,2,3.1,mobile
2099,2026-02-23,13:28,Espresso,3,2.5,card
2100,2026-02-23,15:49,Tea,1,2.2,mobile
2101,2026-02-23,08:47,Croissant,,2.9,card
2102,2026-02-23,17:19,Espresso,1,2.5,card
2103,2026-02-23,18:45,croissant,1,2.9,mobile
2104,2026-02-23,08:36,Tea,1,2.2,mobile
2105,2026-02-23,08:11,Cappuccino,1,3.6,cash
2106,2026-02-23,07:33,Espresso,1,2.5,card
2107,2026-02-23,15:39,Croissant,1,2.9,card
2108,2026-02-23,11:03,Latte,1,3.8,mobile
2109,2026-02-23,15:31,Muffin,1,3.1,card
2110,2026-02-24,14:20,Cappuccino,1,3.6,card
2111,2026-02-24,07:44,espresso,1,2.5,cash
2112,2026-02-24,09:06,Latte,1,3.8,card
2113,2026-02-24,07:15,Espresso,1,2.5,mobile
2114,2026-02-24,09:04,Espresso,1,2.5,card
2115,2026-02-24,14:03,Croissant,2,2.9,cash
2116,2026-02-24,16:51,Muffin,1,3.1,cash
2117,2026-02-24,13:18,Cappuccino,1,3.6,card
2118,2026-02-24,13:39,Muffin,1,3.1,card
2119,2026-02-24,14:43,Espresso,1,2.5,mobile
2120,2026-02-24,09:04,Croissant,1,2.9,card
2121,2026-02-24,16:30,Cappuccino,2,3.6,card
2122,2026-02-24,09:27, Croissant ,1,2.9,mobile
2123,2026-02-24,10:30,Cappuccino,2,3.6,cash
2124,2026-02-24,10:03,Latte,1,3.8,card
2125,2026-02-24,12:40,Latte,2,3.8,card
2126,2026-02-24,09:38,Muffin,2,3.1,cash
2127,2026-02-24,12:06,Tea,3,2.2,card
2128,2026-02-24,07:14,cappuccino,2,3.6,card
2129,2026-02-25,14:13,Tea,1,2.2,mobile
2130,2026-02-25,07:09,Latte,2,3.8,card
2131,2026-02-25,12:12,latte,,3.8,mobile
2132,2026-02-25,09:12,Latte,1,3.8,card
2133,2026-02-25,16:50,Espresso,2,2.5,card
2134,2026-02-25,08:10,Muffin,1,3.1,card
2135,2026-02-25,18:09,Sandwich,4,6.5,mobile
2136,2026-02-25,08:27,Muffin,1,3.1,card
2137,2026-02-25,07:50,Sandwich,1,6.5,cash
2138,2026-02-25,13:37,Espresso,1,2.5,card
2139,2026-02-25,07:32,Muffin,1,3.1,card
2140,2026-02-25,14:45,Latte,3,3.8,card
2141,2026-02-25,13:58,Latte,2,3.8,card
2142,2026-02-25,08:13,Croissant,2,2.9,mobile
2143,2026-02-25,12:08,Latte,3,3.8,mobile
2144,2026-02-25,12:21,croissant,1,2.9,card
2145,2026-02-25,10:11,Latte,1,3.8,mobile
2146,2026-02-25,07:34,Cappuccino,1,3.6,mobile
2147,2026-02-25,17:12, Tea ,2,2.2,card
2148,2026-02-25,09:12,Latte,2,3.8,cash
2149,2026-02-25,18:00,Tea,4,2.2,mobile
2150,2026-02-26,18:00,Latte,1,3.8,mobile
2151,2026-02-26,14:47,Cappuccino,1,3.6,card
2152,2026-02-26,12:21,Latte,1,3.8,cash
2153,2026-02-26,08:28,Croissant,1,2.9,mobile
2154,2026-02-26,08:31,Muffin,1,3.1,mobile
2155,2026-02-26,09:49,Croissant,2,2.9,card
2156,2026-02-26,12:21,tea,1,2.2,cash
2157,2026-02-26,16:25,Cappuccino,2,3.6,cash
2158,2026-02-26,11:19,Espresso,1,2.5,card
2159,2026-02-26,12:11,Espresso,1,2.5,card
2160,2026-02-26,10:29,Latte,3,3.8,card
2161,2026-02-26,08:07,Espresso,1,2.5,mobile
2162,2026-02-26,14:55,Espresso,1,2.5,card
2163,2026-02-26,13:37,Latte,1,3.8,card
2164,2026-02-26,11:52,Latte,2,3.8,card
2165,2026-02-26,12:36,Latte,2,3.8,mobile
2166,2026-02-26,13:50,Espresso,1,2.5,mobile
2167,2026-02-26,15:46,Latte,2,3.8,card
2168,2026-02-27,08:15,Cappuccino,3,3.6,cash
2169,2026-02-27,16:46,Muffin,1,3.1,card
2170,2026-02-27,11:04,Croissant,1,2.9,mobile
2171,2026-02-27,14:02,Croissant,1,2.9,card
2172,2026-02-27,13:54,Cappuccino,1,3.6,cash
2173,2026-02-27,09:29,Latte,1,3.8,cash
2174,2026-02-27,12:52,Cappuccino,1,3.6,card
2175,2026-02-27,15:47,Latte,1,3.8,cash
2176,2026-02-27,14:13,Latte,1,3.8,cash
2177,2026-02-27,12:33,tea,3,2.2,card
2178,2026-02-27,16:00,Tea,2,2.2,card
2179,2026-02-27,08:01,Espresso,1,2.5,card
2180,2026-02-27,09:56,Latte,4,3.8,card
2181,2026-02-27,13:52,espresso,2,2.5,cash
2182,2026-02-27,08:07,Latte,1,3.8,card
2183,2026-02-27,09:13,Latte,,3.8,card
2184,2026-02-27,15:13,Cappuccino,1,3.6,cash
2185,2026-02-27,11:59,Latte,2,3.8,mobile
2186,2026-02-27,17:43,Muffin,1,3.1,cash
2187,2026-02-27,08:54,Muffin,2,3.1,card
2188,2026-02-28,16:32,Espresso,1,2.5,card
2189,2026-02-28,09:47,Cappuccino,4,3.6,cash
2190,2026-02-28,07:24,Latte,1,3.8,card
2191,2026-02-28,17:21,Latte,1,3.8,cash
2192,2026-02-28,14:52,Espresso,1,2.5,card
2193,2026-02-28,15:58,Latte,1,3.8,card
2194,2026-02-28,15:33,Muffin,4,3.1,cash
2195,2026-02-28,07:40, Latte ,1,3.8,mobile
2196,2026-02-28,08:13,Sandwich,3,6.5,card
2197,2026-02-28,14:11,Latte,1,3.8,card
2198,2026-02-28,12:30,Tea,1,2.2,mobile
2199,2026-02-28,10:47,Espresso,4,2.5,card
2200,2026-02-28,17:05,Latte,1,3.8,card
2201,2026-02-28,12:29,Croissant,3,2.9,card
2202,2026-02-28,12:12,Latte,1,3.8,card
2203,2026-02-28,07:59,Espresso,1,2.5,card
2204,2026-02-28,14:04,Latte,1,3.8,card
2205,2026-02-28,17:27,Latte,1,3.8,card
2206,2026-02-28,14:23,Sandwich,2,6.5,card
2207,2026-02-28,17:52,Tea,2,2.2,cash
2208,2026-02-28,07:43,Latte,2,3.8,cash
2209,2026-02-28,12:05,Espresso,1,2.5,cash
2210,2026-02-28,10:12,Tea,3,2.2,cash
2211,2026-02-28,10:56,Muffin,1,3.1,cash
2212,2026-02-28,10:40,Latte,1,3.8,mobile
2213,2026-02-28,15:44,Cappuccino,2,3.6,card
2214,2026-02-28,15:33, Latte ,4,3.8,card
2215,2026-02-28,10:31,Latte,1,3.8,card
2216,2026-02-28,11:11,Latte,3,3.8,mobile
2217,2026-03-01,10:10,Latte,3,3.8,cash
2218,2026-03-01,08:31,espresso,1,2.5,card
2219,2026-03-01,07:02,tea,1,2.2,mobile
2220,2026-03-01,07:59,Espresso,1,2.5,cash
2221,2026-03-01,12:20,Cappuccino,2,3.6,card
2222,2026-03-01,13:21, Croissant ,3,2.9,card
2223,2026-03-01,16:01,Croissant,1,2.9,card
2224,2026-03-01,09:39,Tea,3,2.2,cash
2225,2026-03-01,12:52,tea,3,2.2,cash
2226,2026-03-01,16:14,Latte,2,3.8,mobile
2227,2026-03-01,13:59,Tea,1,2.2,card
2228,2026-03-01,13:45,Cappuccino,2,3.6,card
2229,2026-03-01,12:50,Espresso,1,2.5,mobile
2230,2026-03-01,18:07,Espresso,2,2.5,mobile
2231,2026-03-01,09:06,Cappuccino,1,3.6,card
2232,2026-03-01,08:14,Latte,2,3.8,mobile
2233,2026-03-01,17:40,Tea,2,2.2,cash
2234,2026-03-01,13:38,Croissant,1,2.9,mobile
2235,2026-03-01,16:50,Espresso,1,2.5,cash
2236,2026-03-01,15:05,Cappuccino,3,3.6,card
2237,2026-03-01,08:20,Latte,1,3.8,mobile
2238,2026-03-01,07:27,Sandwich,1,6.5,card
2239,2026-03-01,13:14,Latte,1,3.8,mobile
2240,2026-03-01,15:14,Espresso,1,2.5,card
2241,2026-03-01,12:44,Cappuccino,1,3.6,card
2242,2026-03-02,18:30,Cappuccino,1,3.6,card
2243,2026-03-02,09:09, Tea ,1,2.2,mobile
2244,2026-03-02,14:55,Croissant,1,2.9,mobile
2245,2026-03-02,14:10,Croissant,3,2.9,card
2246,2026-03-02,09:25,Sandwich,1,6.5,cash
2247,2026-03-02,09:06,Espresso,2,2.5,mobile
2248,2026-03-02,12:29,Espresso,2,2.5,mobile
2249,2026-03-02,11:51,Tea,1,2.2,card
2250,2026-03-02,07:54,Croissant,2,2.9,cash
2251,2026-03-02,10:30,Espresso,4,2.5,mobile
2252,2026-03-02,18:40,Espresso,1,2.5,cash
2253,2026-03-02,08:11,Croissant,1,2.9,card
2254,2026-03-02,13:55,Tea,1,2.2,mobile
2255,2026-03-02,13:07,croissant,1,2.9,card
2256,2026-03-03,09:44,Tea,3,2.2,cash
2257,2026-03-03,08:36,Croissant,2,2.9,card
2258,2026-03-03,13:44,Espresso,1,2.5,mobile
2259,2026-03-03,12:37,Espresso,1,2.5,mobile
2260,2026-03-03,13:07,Cappuccino,2,3.6,mobile
2261,2026-03-03,08:08,Latte,1,3.8,cash
2262,2026-03-03,07:07,Cappuccino,2,3.6,card
2263,2026-03-03,12:19,Cappuccino,,3.6,card
2264,2026-03-03,16:31,Espresso,3,2.5,card
2265,2026-03-03,18:06,Tea,1,2.2,card
2266,2026-03-03,07:08,Tea,1,2.2,card
2267,2026-03-03,10:16,Tea,1,2.2,card
2268,2026-03-03,08:44,Latte,2,3.8,card
2269,2026-03-03,13:45,Espresso,1,2.5,card
2270,2026-03-03,15:50,Latte,2,3.8,cash
2271,2026-03-03,12:35,Latte,1,3.8,card
2272,2026-03-03,07:51,Latte,1,3.8,mobile
2273,2026-03-03,10:59,Latte,1,3.8,mobile
2274,2026-03-03,16:22,Espresso,1,2.5,cash
2275,2026-03-03,12:48,Tea,3,2.2,cash
2276,2026-03-03,14:54,Latte,1,3.8,mobile
2277,2026-03-04,07:24,Cappuccino,1,3.6,card
2278,2026-03-04,16:43,Cappuccino,1,3.6,cash
2279,2026-03-04,08:17,Tea,2,2.2,mobile
2280,2026-03-04,13:05,Sandwich,1,6.5,mobile
2281,2026-03-04,09:05, Sandwich ,1,6.5,card
2282,2026-03-04,14:27,Espresso,1,2.5,cash
2283,2026-03-04,08:34,Tea,3,2.2,card
2284,2026-03-04,13:44,Tea,1,2.2,mobile
2285,2026-03-04,18:33,Cappuccino,1,3.6,cash
2286,2026-03-04,11:57,Tea,1,2.2,card
2287,2026-03-04,15:24,Latte,1,3.8,card
2288,2026-03-04,09:54,Espresso,4,2.5,cash
2289,2026-03-04,09:13,Espresso,1,2.5,card
2290,2026-03-04,17:57,Muffin,3,3.1,card
2291,2026-03-04,10:00,Tea,1,2.2,cash
2292,2026-03-04,10:33,Latte,2,3.8,card
2293,2026-03-04,08:14,Cappuccino,1,3.6,card
2294,2026-03-04,10:28,Cappuccino,1,3.6,mobile
2295,2026-03-04,08:45,tea,1,2.2,cash
2296,2026-03-04,07:10,Latte,1,3.8,card
2297,2026-03-05,18:43,Sandwich,4,6.5,card
2298,2026-03-05,14:53,Tea,1,2.2,mobile
2299,2026-03-05,17:00,Croissant,1,2.9,mobile
2300,2026-03-05,13:27,Croissant,1,2.9,card
2301,2026-03-05,07:11,Cappuccino,1,3.6,card
2302,2026-03-05,15:12,Latte,2,3.8,mobile
2303,2026-03-05,08:54,Cappuccino,2,3.6,cash
2304,2026-03-05,09:59,cappuccino,2,3.6,card
2305,2026-03-05,08:44,Espresso,1,2.5,mobile
2306,2026-03-05,09:19,Tea,1,2.2,card
2307,2026-03-05,17:11,Espresso,1,2.5,cash
2308,2026-03-05,14:06,Espresso,1,2.5,card
2309,2026-03-05,11:43,Latte,1,3.8,card
2310,2026-03-05,09:33,Cappuccino,3,3.6,cash
2311,2026-03-05,09:40,Tea,1,2.2,cash
2312,2026-03-05,12:45,Croissant,1,2.9,mobile
2313,2026-03-05,17:48,Cappuccino,1,3.6,cash
2314,2026-03-06,08:48,Cappuccino,1,3.6,card
2315,2026-03-06,18:58,Muffin,3,3.1,mobile
2316,2026-03-06,12:17,Latte,1,3.8,mobile
2317,2026-03-06,07:47,Tea,1,2.2,cash
2318,2026-03-06,12:32, Croissant ,1,2.9,card
2319,2026-03-06,10:13,Latte,2,3.8,card
2320,2026-03-06,17:16,Cappuccino,1,3.6,card
2321,2026-03-06,13:15,Latte,1,3.8,cash
2322,2026-03-06,17:03,Latte,2,3.8,card
2323,2026-03-06,15:38,tea,1,2.2,card
2324,2026-03-06,17:57,Sandwich,1,6.5,mobile
2325,2026-03-06,07:17,Tea,1,2.2,mobile
2326,2026-03-06,12:06,Espresso,4,2.5,mobile
2327,2026-03-06,17:13,Croissant,2,2.9,card
2328,2026-03-06,09:09,Croissant,1,2.9,cash
2329,2026-03-06,10:29,Cappuccino,2,3.6,card
2330,2026-03-06,08:01,Latte,3,3.8,card
2331,2026-03-07,10:15, Espresso ,1,2.5,cash
2332,2026-03-07,10:00,Cappuccino,2,3.6,cash
2333,2026-03-07,07:02,Tea,1,2.2,mobile
2334,2026-03-07,09:00,Espresso,2,2.5,mobile
2335,2026-03-07,14:30,Sandwich,1,6.5,card
2336,2026-03-07,15:34,Croissant,3,2.9,card
2337,2026-03-07,08:32,Tea,2,2.2,mobile
2338,2026-03-07,07:22,Muffin,1,3.1,card
2339,2026-03-07,16:07,Tea,1,2.2,card
2340,2026-03-07,08:21,Cappuccino,4,3.6,mobile
2341,2026-03-07,16:33,Espresso,3,2.5,mobile
2342,2026-03-07,10:18,Latte,1,3.8,mobile
2343,2026-03-07,16:45,Latte,1,3.8,cash
2344,2026-03-07,15:09,Croissant,2,2.9,mobile
2345,2026-03-07,14:46, Latte ,2,3.8,card
2346,2026-03-07,18:27,Latte,1,3.8,card
2347,2026-03-07,12:58,Cappuccino,4,3.6,cash
2348,2026-03-07,11:24,Latte,1,3.8,card
2349,2026-03-07,12:05,Espresso,2,2.5,mobile
2350,2026-03-07,18:58,Latte,1,3.8,card
2351,2026-03-07,10:29,Espresso,3,2.5,mobile
2352,2026-03-07,18:03,Espresso,3,2.5,mobile
2353,2026-03-07,13:27,Croissant,1,2.9,card
2354,2026-03-07,13:01,Latte,2,3.8,card
2355,2026-03-07,09:48,Espresso,1,2.5,card
2356,2026-03-07,14:21,Latte,2,3.8,cash
2357,2026-03-08,09:48,Croissant,2,2.9,card
2358,2026-03-08,10:45,Espresso,1,2.5,card
2359,2026-03-08,11:05,Croissant,3,2.9,cash
2360,2026-03-08,08:11,Cappuccino,4,3.6,card
2361,2026-03-08,12:41,Croissant,4,2.9,card
2362,2026-03-08,08:06,Tea,2,2.2,mobile
2363,2026-03-08,14:06,Espresso,1,2.5,card
2364,2026-03-08,14:02,Espresso,1,2.5,card
2365,2026-03-08,12:03,Latte,1,3.8,card
2366,2026-03-08,07:12,Latte,3,3.8,card
2367,2026-03-08,10:57,Latte,1,3.8,card
2368,2026-03-08,15:37,Croissant,1,2.9,card
2369,2026-03-08,08:45, Muffin ,1,3.1,cash
2370,2026-03-08,13:32,Latte,1,3.8,card
2371,2026-03-08,13:21,Cappuccino,2,3.6,mobile
2372,2026-03-08,17:15,Latte,2,3.8,card
2373,2026-03-08,07:51,Latte,2,3.8,card
2374,2026-03-08,09:31,Espresso,2,2.5,mobile
2375,2026-03-08,17:05,Espresso,1,2.5,card
2376,2026-03-08,11:28,Espresso,2,2.5,mobile
2377,2026-03-08,08:25,tea,1,2.2,cash
2378,2026-03-08,13:20,Latte,2,3.8,card
2379,2026-03-08,12:39,Latte,2,3.8,card
2380,2026-03-08,14:06,Sandwich,1,6.5,cash
2381,2026-03-08,10:05,Latte,1,3.8,card
2382,2026-03-08,12:06,Latte,1,3.8,mobile
2383,2026-03-08,14:38,Muffin,3,3.1,card
2384,2026-03-08,11:30,cappuccino,2,3.6,card
2385,2026-03-08,12:51,Espresso,1,2.5,mobile
2386,2026-03-09,08:27,croissant,4,2.9,card
2387,2026-03-09,07:45,Latte,2,3.8,card
2388,2026-03-09,08:57,Cappuccino,1,3.6,mobile
2389,2026-03-09,14:30,Muffin,1,3.1,card
2390,2026-03-09,17:52,Cappuccino,2,3.6,card
2391,2026-03-09,12:20,Espresso,2,2.5,card
2392,2026-03-09,14:57,Tea,,2.2,mobile
2393,2026-03-09,15:33,Cappuccino,1,3.6,card
2394,2026-03-09,17:37,Croissant,4,2.9,mobile
2395,2026-03-09,18:24,Espresso,1,2.5,card
2396,2026-03-09,08:23,Latte,1,3.8,cash
2397,2026-03-09,11:29,Espresso,3,2.5,mobile
2398,2026-03-09,15:59,Latte,1,3.8,card
2399,2026-03-09,08:54,Espresso,1,2.5,cash
2400,2026-03-09,13:06,Tea,2,2.2,cash
2401,2026-03-09,08:31,Sandwich,2,6.5,cash
2402,2026-03-09,12:42,Croissant,2,2.9,cash
2403,2026-03-09,08:30,Latte,1,3.8,card
2404,2026-03-09,14:50,Sandwich,1,6.5,card
2405,2026-03-10,08:53,Espresso,1,2.5,card
2406,2026-03-10,13:01,Muffin,3,3.1,card
2407,2026-03-10,15:36,Espresso,1,2.5,mobile
2408,2026-03-10,18:51,Sandwich,1,6.5,card
2409,2026-03-10,17:20,Sandwich,1,6.5,card
2410,2026-03-10,08:50,Cappuccino,1,3.6,mobile
2411,2026-03-10,16:05,Latte,2,3.8,mobile
2412,2026-03-10,13:58,espresso,1,2.5,cash
2413,2026-03-10,07:49,Sandwich,1,6.5,cash
2414,2026-03-10,16:49,Latte,1,3.8,card
2415,2026-03-10,09:01,Croissant,1,2.9,card
2416,2026-03-10,08:18,Tea,1,2.2,card
2417,2026-03-10,07:06,Latte,1,3.8,mobile
2418,2026-03-10,07:24, Cappuccino ,1,3.6,mobile
2419,2026-03-10,11:42,Muffin,2,3.1,card
2420,2026-03-10,07:39,Cappuccino,2,3.6,mobile
2421,2026-03-10,12:34,Cappuccino,1,3.6,card
2422,2026-03-10,08:20,Espresso,1,2.5,mobile
2423,2026-03-10,13:05,Espresso,1,2.5,card
2424,2026-03-10,09:25,Latte,1,3.8,cash
2425,2026-03-11,15:50,Latte,1,3.8,cash
2426,2026-03-11,14:27,Croissant,1,2.9,mobile
2427,2026-03-11,09:22,Cappuccino,1,3.6,card
2428,2026-03-11,07:37,latte,2,3.8,card
2429,2026-03-11,16:07,Latte,2,3.8,mobile
2430,2026-03-11,14:23, Espresso ,1,2.5,card
2431,2026-03-11,07:36,Espresso,1,2.5,cash
2432,2026-03-11,12:06,Croissant,3,2.9,card
2433,2026-03-11,17:41,Cappuccino,2,3.6,mobile
2434,2026-03-11,09:31,Latte,2,3.8,card
2435,2026-03-11,08:15,Espresso,1,2.5,card
2436,2026-03-11,13:18,Cappuccino,1,3.6,mobile
2437,2026-03-11,07:01,Espresso,4,2.5,card
2438,2026-03-11,15:25,Espresso,1,2.5,cash
2439,2026-03-11,11:31,Espresso,2,2.5,card
2440,2026-03-11,08:03,Muffin,,3.1,card
2441,2026-03-11,18:05,Croissant,1,2.9,mobile
2442,2026-03-12,15:03,croissant,2,2.9,card
2443,2026-03-12,08:39, Latte ,2,3.8,mobile
2444,2026-03-12,13:20,Croissant,1,2.9,mobile
2445,2026-03-12,16:07,Muffin,2,3.1,mobile
2446,2026-03-12,11:30,Cappuccino,1,3.6,card
2447,2026-03-12,09:42,Latte,1,3.8,card
2448,2026-03-12,13:42,Tea,3,2.2,card
2449,2026-03-12,08:33,Latte,2,3.8,card
2450,2026-03-12,17:06,Cappuccino,1,3.6,cash
2451,2026-03-12,10:49,Muffin,1,3.1,mobile
2452,2026-03-12,10:06,Latte,1,3.8,cash
2453,2026-03-12,14:01,Espresso,3,2.5,card
2454,2026-03-12,10:13,Cappuccino,1,3.6,card
2455,2026-03-12,12:41,Espresso,1,2.5,card
2456,2026-03-12,08:38,Latte,3,3.8,card
2457,2026-03-12,13:03,Cappuccino,1,3.6,cash
2458,2026-03-12,09:44,Muffin,1,3.1,card
2459,2026-03-13,14:50,Latte,1,3.8,mobile
2460,2026-03-13,13:58,latte,2,3.8,card
2461,2026-03-13,09:04,Tea,1,2.2,mobile
2462,2026-03-13,11:01,Espresso,1,2.5,mobile
2463,2026-03-13,07:30,Espresso,1,2.5,cash
2464,2026-03-13,09:18,Cappuccino,1,3.6,card
2465,2026-03-13,08:47,Croissant,1,2.9,card
2466,2026-03-13,10:29,Latte,1,3.8,card
2467,2026-03-13,13:57,Espresso,1,2.5,mobile
2468,2026-03-13,09:26,Muffin,1,3.1,card
2469,2026-03-13,08:27,Muffin,2,3.1,card
2470,2026-03-13,08:56,Latte,2,3.8,mobile
2471,2026-03-13,16:58,Tea,1,2.2,mobile
2472,2026-03-13,10:02,Tea,3,2.2,card
2473,2026-03-13,15:50,Cappuccino,2,3.6,card
2474,2026-03-13,18:09,Croissant,1,2.9,card
2475,2026-03-13,12:18,Cappuccino,1,3.6,card
2476,2026-03-13,09:27, Espresso ,1,2.5,cash
2477,2026-03-13,07:32,Latte,2,3.8,card
2478,2026-03-13,08:12,Tea,2,2.2,card
2479,2026-03-14,08:40,Cappuccino,1,3.6,card
2480,2026-03-14,16:11,Latte,1,3.8,mobile
2481,2026-03-14,09:08,Cappuccino,2,3.6,cash
2482,2026-03-14,09:11,Latte,1,3.8,card
2483,2026-03-14,10:59,Latte,3,3.8,card
2484,2026-03-14,10:58,Tea,1,2.2,card
2485,2026-03-14,10:15,Cappuccino,4,3.6,mobile
2486,2026-03-14,13:54,Cappuccino,1,3.6,mobile
2487,2026-03-14,07:03,Latte,1,3.8,mobile
2488,2026-03-14,18:36,Espresso,1,2.5,card
2489,2026-03-14,07:03,Cappuccino,1,3.6,cash
2490,2026-03-14,12:40,Tea,1,2.2,mobile
2491,2026-03-14,09:44,muffin,1,3.1,mobile
2492,2026-03-14,08:06,Latte,1,3.8,mobile
2493,2026-03-14,11:11,Cappuccino,2,3.6,card
2494,2026-03-14,12:39,Croissant,2,2.9,mobile
2495,2026-03-14,07:32,Espresso,1,2.5,card
2496,2026-03-14,11:31,Croissant,1,2.9,card
2497,2026-03-14,10:09,Latte,1,3.8,mobile
2498,2026-03-14,12:57,Espresso,1,2.5,card
2499,2026-03-14,16:29,Tea,1,2.2,card
2500,2026-03-14,10:45,Latte,4,3.8,mobile
2501,2026-03-14,08:29,Cappuccino,1,3.6,card
2502,2026-03-14,09:58,Tea,2,2.2,mobile
2503,2026-03-14,17:32,Croissant,1,2.9,cash
2504,2026-03-14,08:39,Croissant,1,2.9,card
2505,2026-03-14,07:31,Croissant,1,2.9,cash
2506,2026-03-14,14:15,Sandwich,1,6.5,mobile
2507,2026-03-15,16:39,Muffin,1,3.1,mobile
2508,2026-03-15,14:01,Latte,1,3.8,card
2509,2026-03-15,13:12,Muffin,1,3.1,card
2510,2026-03-15,13:33,Latte,1,3.8,card
2511,2026-03-15,12:51,Croissant,1,2.9,cash
2512,2026-03-15,14:43,Espresso,1,2.5,cash
2513,2026-03-15,13:30,Croissant,3,2.9,card
2513,2026-03-15,13:30,Croissant,3,2.9,card
2514,2026-03-15,16:40,Cappuccino,1,3.6,mobile
2515,2026-03-15,07:14,Latte,1,3.8,mobile
2516,2026-03-15,07:24,Espresso,1,2.5,mobile
2517,2026-03-15,16:54, Tea ,1,2.2,mobile
2518,2026-03-15,09:37,Cappuccino,2,3.6,cash
2519,2026-03-15,09:21,Cappuccino,3,3.6,card
2520,2026-03-15,08:58,Muffin,1,3.1,mobile
2521,2026-03-15,07:48,Muffin,1,3.1,mobile
2522,2026-03-15,07:56,Croissant,1,2.9,card
2523,2026-03-15,09:41,cappuccino,3,3.6,card
2524,2026-03-15,14:01,Latte,1,3.8,mobile
2525,2026-03-15,12:35,Croissant,2,2.9,mobile
2526,2026-03-15,10:07,Cappuccino,1,3.6,card
2527,2026-03-15,18:03,Latte,3,3.8,card
2528,2026-03-15,07:34,Latte,1,3.8,card
2529,2026-03-15,07:08,Cappuccino,4,3.6,cash
2530,2026-03-16,10:38,Latte,1,3.8,cash
2531,2026-03-16,13:45,Latte,2,3.8,card
2532,2026-03-16,16:49,Croissant,1,2.9,card
2533,2026-03-16,09:06,Cappuccino,3,3.6,mobile
2534,2026-03-16,13:08,Espresso,3,2.5,cash
2535,2026-03-16,09:50,Muffin,1,3.1,cash
2536,2026-03-16,13:31,Espresso,4,2.5,cash
2537,2026-03-16,12:54,Croissant,1,2.9,card
2538,2026-03-16,15:11,tea,1,2.2,card
2539,2026-03-16,13:58,Tea,1,2.2,card
2540,2026-03-16,17:48,Tea,3,2.2,mobile
2541,2026-03-16,13:48,Espresso,2,2.5,mobile
2542,2026-03-16,10:34,Espresso,1,2.5,cash
2543,2026-03-16,12:47,Cappuccino,1,3.6,card
2544,2026-03-16,16:15,Sandwich,1,6.5,card
2545,2026-03-16,12:16,Croissant,1,2.9,card
2546,2026-03-16,13:16,Croissant,2,2.9,card
2547,2026-03-16,07:40,muffin,1,3.1,card
2548,2026-03-16,07:20,Muffin,1,3.1,mobile
2549,2026-03-16,09:14,Sandwich,1,6.5,mobile
2550,2026-03-16,13:43,Tea,1,2.2,card
2551,2026-03-17,07:16, Muffin ,1,3.1,cash
2552,2026-03-17,15:15,Sandwich,1,6.5,mobile
2553,2026-03-17,11:23,Latte,1,3.8,card
2554,2026-03-17,07:38,Croissant,,2.9,card
2555,2026-03-17,10:39,Croissant,1,2.9,cash
2556,2026-03-17,09:13,Espresso,1,2.5,card
2557,2026-03-17,14:13,Croissant,1,2.9,card
2558,2026-03-17,13:04,Latte,1,3.8,card
2559,2026-03-17,12:34,Sandwich,4,6.5,mobile
2560,2026-03-17,12:28,Croissant,2,2.9,card
2561,2026-03-17,12:23,Latte,1,3.8,mobile
2562,2026-03-17,18:26,Latte,1,3.8,cash
2563,2026-03-17,12:28,Latte,1,3.8,mobile
2564,2026-03-17,15:58,Croissant,1,2.9,mobile
2565,2026-03-17,08:05,Latte,1,3.8,card
2566,2026-03-17,08:11,Latte,1,3.8,card
2567,2026-03-17,08:47,Muffin,1,3.1,card
2568,2026-03-17,15:32,Espresso,3,2.5,card
2569,2026-03-17,16:45,Muffin,3,3.1,card
2570,2026-03-17,15:46,Latte,1,3.8,card
2571,2026-03-17,10:53,Espresso,2,2.5,card
2572,2026-03-17,13:52,Latte,2,3.8,cash
2573,2026-03-18,12:28,Espresso,3,2.5,card
2574,2026-03-18,09:03,Espresso,2,2.5,mobile
2575,2026-03-18,12:20,Cappuccino,3,3.6,mobile
2576,2026-03-18,07:27,Croissant,4,2.9,mobile
2577,2026-03-18,13:17,Cappuccino,1,3.6,card
2578,2026-03-18,08:06,Cappuccino,1,3.6,mobile
2579,2026-03-18,08:01,Muffin,2,3.1,card
2580,2026-03-18,16:52,Cappuccino,1,3.6,card
2581,2026-03-18,17:53,Espresso,1,2.5,cash
2582,2026-03-18,13:31,Cappuccino,3,3.6,mobile
2583,2026-03-18,18:05,Latte,3,3.8,cash
2584,2026-03-18,07:47,Croissant,1,2.9,card
2585,2026-03-18,13:59,Cappuccino,2,3.6,card
2586,2026-03-18,08:40,Tea,1,2.2,cash
2587,2026-03-18,12:30,Tea,1,2.2,mobile
2588,2026-03-18,14:33,Espresso,2,2.5,card
2589,2026-03-18,07:11,Muffin,2,3.1,card
2590,2026-03-18,13:33,Espresso,2,2.5,cash
2591,2026-03-18,09:50,Tea,1,2.2,card
2592,2026-03-18,12:57,Tea,1,2.2,card
2593,2026-03-18,18:29,Croissant,1,2.9,card
2594,2026-03-18,09:53,Sandwich,2,6.5,card
2595,2026-03-19,07:26,Tea,2,2.2,card
2596,2026-03-19,09:25,Espresso,2,2.5,card
2597,2026-03-19,11:28,Latte,1,3.8,card
2598,2026-03-19,08:39,Latte,1,3.8,card
2599,2026-03-19,12:49,tea,1,2.2,mobile
2600,2026-03-19,14:23,Tea,3,2.2,cash
2601,2026-03-19,15:10,Cappuccino,4,3.6,card
2602,2026-03-19,08:01,Muffin,1,3.1,cash
2603,2026-03-19,11:01,croissant,1,2.9,mobile
2604,2026-03-19,09:41,Latte,2,3.8,card
2605,2026-03-19,16:45, Latte ,2,3.8,mobile
2606,2026-03-19,07:47,Croissant,1,2.9,mobile
2607,2026-03-19,15:47,Cappuccino,1,3.6,mobile
2608,2026-03-19,08:18,Espresso,1,2.5,card
2609,2026-03-19,10:32,Latte,1,3.8,card
2610,2026-03-19,11:06,Latte,1,3.8,card
2611,2026-03-19,07:06,Cappuccino,1,3.6,mobile
2612,2026-03-19,15:55,Tea,1,2.2,mobile
2613,2026-03-19,07:53,Sandwich,1,6.5,card
2614,2026-03-19,14:09,Cappuccino,1,3.6,card
2615,2026-03-19,12:35,Espresso,2,2.5,mobile
2616,2026-03-20,13:54,Cappuccino,1,3.6,card
2617,2026-03-20,16:00, Croissant ,2,2.9,card
2618,2026-03-20,08:27,Espresso,2,2.5,card
2619,2026-03-20,12:00,Cappuccino,2,3.6,card
2620,2026-03-20,09:39,Latte,1,3.8,mobile
2621,2026-03-20,08:45,Muffin,1,3.1,card
2622,2026-03-20,11:54,Latte,2,3.8,card
2623,2026-03-20,13:30,Muffin,1,3.1,card
2624,2026-03-20,09:21,Espresso,4,2.5,card
2625,2026-03-20,12:22,Espresso,2,2.5,card
2626,2026-03-20,09:19,Tea,3,2.2,mobile
2627,2026-03-20,17:37,Latte,2,3.8,cash
2628,2026-03-20,09:37,Espresso,2,2.5,card
2629,2026-03-20,12:47,Tea,1,2.2,mobile
2630,2026-03-20,11:05,Muffin,2,3.1,card
2631,2026-03-20,08:03,muffin,2,3.1,card
2632,2026-03-20,10:15,Espresso,2,2.5,card
2633,2026-03-20,10:33,Cappuccino,1,3.6,card
2634,2026-03-20,08:09,Espresso,2,2.5,card
2635,2026-03-20,11:27,Croissant,1,2.9,mobile
2636,2026-03-20,16:27,Tea,1,2.2,mobile
2637,2026-03-21,16:00,Tea,3,2.2,card
2638,2026-03-21,08:58,Latte,1,3.8,cash
2639,2026-03-21,13:02,Latte,3,3.8,card
2640,2026-03-21,09:45,Sandwich,2,6.5,card
2641,2026-03-21,13:48,Muffin,4,3.1,card
2642,2026-03-21,10:11,Cappuccino,1,3.6,cash
2643,2026-03-21,10:03, Muffin ,1,3.1,mobile
2644,2026-03-21,09:21,Latte,3,3.8,mobile
2645,2026-03-21,09:23,Croissant,2,2.9,cash
2646,2026-03-21,10:52,Cappuccino,3,3.6,mobile
2647,2026-03-21,09:44,croissant,1,2.9,card
2648,2026-03-21,14:22,cappuccino,1,3.6,mobile
2649,2026-03-21,15:58,Espresso,1,2.5,card
2650,2026-03-21,08:50,Espresso,2,2.5,cash
2651,2026-03-21,11:43,Espresso,2,2.5,mobile
2652,2026-03-21,08:45,Tea,3,2.2,mobile
2653,2026-03-21,12:12,Latte,1,3.8,card
2654,2026-03-21,13:22,Espresso,1,2.5,card
2655,2026-03-21,15:37,Croissant,1,2.9,cash
2656,2026-03-21,08:50,Latte,1,3.8,cash
2657,2026-03-21,18:32,Latte,1,3.8,cash
2658,2026-03-21,11:11,Croissant,1,2.9,card
2659,2026-03-21,09:20,Cappuccino,1,3.6,cash
2660,2026-03-21,16:41,Tea,2,2.2,card
2661,2026-03-21,10:28,Muffin,1,3.1,card
2662,2026-03-22,14:38,Cappuccino,2,3.6,card
2663,2026-03-22,09:57,Latte,2,3.8,mobile
2664,2026-03-22,10:10,Muffin,1,3.1,card
2665,2026-03-22,16:36,Cappuccino,3,3.6,mobile
2666,2026-03-22,09:49,Croissant,1,2.9,mobile
2667,2026-03-22,10:11,Espresso,1,2.5,card
2668,2026-03-22,09:43,Latte,1,3.8,card
2669,2026-03-22,07:25,Cappuccino,2,3.6,card
2670,2026-03-22,13:06,Tea,3,2.2,mobile
2671,2026-03-22,17:43,Latte,1,3.8,card
2672,2026-03-22,10:37,Croissant,1,2.9,card
2673,2026-03-22,08:00,Espresso,3,2.5,card
2674,2026-03-22,16:13,Tea,2,2.2,cash
2675,2026-03-22,10:43,Latte,1,3.8,card
2676,2026-03-22,17:53,Croissant,1,2.9,card
2677,2026-03-22,09:51,Espresso,2,2.5,cash
2678,2026-03-22,12:42,Espresso,1,2.5,card
2679,2026-03-22,09:51,Latte,2,3.8,card
2680,2026-03-22,14:07,Muffin,1,3.1,cash
2681,2026-03-22,12:21,Croissant,4,2.9,card
2682,2026-03-22,09:27,Sandwich,2,6.5,card
2683,2026-03-22,08:43,Espresso,1,2.5,card
2684,2026-03-22,13:18,latte,1,3.8,mobile
2685,2026-03-22,09:02,Latte,1,3.8,cash
2686,2026-03-22,08:31,Cappuccino,1,3.6,card
2687,2026-03-22,18:53,Latte,1,3.8,cash
2688,2026-03-22,12:38,Sandwich,2,6.5,card
2689,2026-03-22,16:59,Sandwich,2,6.5,card
2690,2026-03-22,10:47,Tea,1,2.2,card
2691,2026-03-23,08:32,Croissant,1,2.9,card
2692,2026-03-23,13:59,Cappuccino,2,3.6,card
2693,2026-03-23,14:58,Latte,2,3.8,card
2694,2026-03-23,07:17,Latte,1,3.8,card
2695,2026-03-23,18:20,Latte,,3.8,card
2696,2026-03-23,14:38,Latte,2,3.8,cash
2697,2026-03-23,17:28,Latte,1,3.8,card
2698,2026-03-23,11:25,Espresso,3,2.5,card
2699,2026-03-23,18:13,Espresso,3,2.5,cash
2700,2026-03-23,09:09,Croissant,1,2.9,mobile
2701,2026-03-23,10:18,Tea,,2.2,card
2702,2026-03-23,09:54,Cappuccino,1,3.6,mobile
2703,2026-03-23,08:49,Espresso,1,2.5,card
2704,2026-03-23,10:38,Croissant,2,2.9,card
2705,2026-03-23,13:40,Latte,2,3.8,cash
2706,2026-03-24,09:59,Cappuccino,1,3.6,card
2707,2026-03-24,08:29,Cappuccino,3,3.6,card
2708,2026-03-24,08:12,Tea,2,2.2,cash
2709,2026-03-24,08:46,Tea,2,2.2,cash
2710,2026-03-24,13:23,Latte,1,3.8,card
2711,2026-03-24,14:58,Espresso,2,2.5,card
2712,2026-03-24,16:20,Espresso,1,2.5,card
2713,2026-03-24,07:28,Espresso,1,2.5,cash
2714,2026-03-24,18:21,Sandwich,2,6.5,card
2715,2026-03-24,09:43, Muffin ,3,3.1,cash
2716,2026-03-24,18:16, Tea ,3,2.2,mobile
2717,2026-03-24,13:28,Muffin,1,3.1,cash
2718,2026-03-24,09:23,Cappuccino,2,3.6,card
2719,2026-03-24,13:54,Latte,3,3.8,card
2720,2026-03-24,14:21,Latte,2,3.8,card
2721,2026-03-24,11:29,Espresso,1,2.5,card
2722,2026-03-24,09:50,Muffin,1,3.1,card
2723,2026-03-24,09:01,Cappuccino,1,3.6,card
2724,2026-03-24,10:40,Latte,1,3.8,card
2725,2026-03-25,09:18,Cappuccino,1,3.6,cash
2726,2026-03-25,09:00,Muffin,1,3.1,mobile
2727,2026-03-25,14:10,Latte,2,3.8,mobile
2728,2026-03-25,12:59,Sandwich,2,6.5,card
2729,2026-03-25,12:04,Cappuccino,,3.6,card
2730,2026-03-25,08:41,Latte,1,3.8,card
2731,2026-03-25,12:52,latte,1,3.8,cash
2732,2026-03-25,09:06,Croissant,1,2.9,card
2733,2026-03-25,09:05,Sandwich,1,6.5,mobile
2734,2026-03-25,12:44,Sandwich,1,6.5,card
2735,2026-03-25,09:17,Sandwich,3,6.5,cash
2736,2026-03-25,08:33, Cappuccino ,1,3.6,mobile
2737,2026-03-25,09:56,Latte,1,3.8,mobile
2738,2026-03-25,13:12,Croissant,1,2.9,card
2739,2026-03-25,12:57,espresso,1,2.5,card
2740,2026-03-25,14:29,Espresso,3,2.5,card
2740,2026-03-25,14:29,Espresso,3,2.5,card
2741,2026-03-25,10:30,Sandwich,1,6.5,card
2742,2026-03-25,09:35,Cappuccino,4,3.6,mobile
2743,2026-03-26,18:32,Latte,1,3.8,mobile
2744,2026-03-26,07:28,Cappuccino,1,3.6,card
2745,2026-03-26,15:19,Latte,2,3.8,card
2746,2026-03-26,12:36,Cappuccino,1,3.6,card
2747,2026-03-26,08:42,Tea,1,2.2,card
2748,2026-03-26,18:17,Espresso,4,2.5,cash
2749,2026-03-26,17:46,Latte,1,3.8,mobile
2750,2026-03-26,11:48,Latte,2,3.8,card
2751,2026-03-26,10:17,Sandwich,1,6.5,cash
2752,2026-03-26,08:20,Espresso,2,2.5,cash
2753,2026-03-26,12:28,Latte,1,3.8,cash
2754,2026-03-26,09:30,Muffin,1,3.1,card
2755,2026-03-26,14:15,Sandwich,3,6.5,card
2756,2026-03-26,10:23,Latte,2,3.8,card
2757,2026-03-26,11:46, Latte ,1,3.8,mobile
2758,2026-03-26,08:15,Latte,1,3.8,card
2759,2026-03-26,13:08,Latte,1,3.8,cash
2760,2026-03-26,14:57,Croissant,1,2.9,cash
2761,2026-03-26,08:12,Croissant,2,2.9,card
2762,2026-03-26,09:26,tea,2,2.2,cash
2763,2026-03-26,15:23, Latte ,2,3.8,mobile
2764,2026-03-26,07:31,Espresso,1,2.5,card
2765,2026-03-27,14:34,Cappuccino,2,3.6,cash
2766,2026-03-27,15:12,Espresso,1,2.5,cash
2767,2026-03-27,10:47,Croissant,2,2.9,card
2768,2026-03-27,08:47,Espresso,1,2.5,cash
2769,2026-03-27,07:01,croissant,1,2.9,cash
2770,2026-03-27,08:34,Espresso,1,2.5,mobile
2771,2026-03-27,14:55,Cappuccino,2,3.6,cash
2772,2026-03-27,08:54,Cappuccino,1,3.6,card
2773,2026-03-27,10:42,Espresso,1,2.5,card
2774,2026-03-27,10:22,Latte,1,3.8,card
2775,2026-03-27,17:55,Espresso,,2.5,card
2776,2026-03-27,10:24,Croissant,2,2.9,card
2777,2026-03-27,18:10,Cappuccino,1,3.6,card
2778,2026-03-27,11:12,Croissant,1,2.9,cash
2779,2026-03-27,12:01,Latte,1,3.8,card
2780,2026-03-27,10:53,Espresso,2,2.5,mobile
2781,2026-03-27,13:51,Espresso,3,2.5,card
2782,2026-03-27,17:09,Latte,1,3.8,card
2783,2026-03-28,12:38,Espresso,1,2.5,card
2784,2026-03-28,13:11,Croissant,3,2.9,card
2785,2026-03-28,08:59,Espresso,1,2.5,mobile
2786,2026-03-28,11:16,Espresso,1,2.5,card
2787,2026-03-28,07:09,Tea,1,2.2,card
2788,2026-03-28,10:00,Muffin,1,3.1,cash
2789,2026-03-28,10:26,Latte,1,3.8,card
2790,2026-03-28,08:30,Muffin,1,3.1,cash
2791,2026-03-28,09:06,Muffin,1,3.1,card
2792,2026-03-28,15:09,Cappuccino,2,3.6,card
2793,2026-03-28,08:14,Latte,1,3.8,card
2794,2026-03-28,09:33,Latte,2,3.8,cash
2795,2026-03-28,14:37,Cappuccino,3,3.6,card
2796,2026-03-28,14:11,Croissant,3,2.9,mobile
2797,2026-03-28,15:30,Espresso,,2.5,card
2798,2026-03-28,13:13,Cappuccino,1,3.6,mobile
2799,2026-03-28,11:21,Cappuccino,1,3.6,cash
2800,2026-03-28,09:42,Latte,3,3.8,mobile
2801,2026-03-28,14:01,Espresso,3,2.5,card
2802,2026-03-28,09:18,Sandwich,1,6.5,card
2803,2026-03-28,11:32,Espresso,1,2.5,cash
2804,2026-03-28,16:49,Latte,2,3.8,card
2805,2026-03-28,10:33,Espresso,2,2.5,cash
2806,2026-03-28,12:10,Espresso,1,2.5,cash
2807,2026-03-28,13:09,Espresso,1,2.5,cash
2808,2026-03-29,15:18,Sandwich,2,6.5,card
2809,2026-03-29,10:19,Latte,1,3.8,card
2810,2026-03-29,12:04,Espresso,1,2.5,card
2811,2026-03-29,08:15,Espresso,1,2.5,mobile
2812,2026-03-29,10:14,Latte,1,3.8,cash
2813,2026-03-29,16:09,Sandwich,1,6.5,card
2814,2026-03-29,09:33,Latte,1,3.8,card
2815,2026-03-29,11:47,Espresso,2,2.5,cash
2816,2026-03-29,16:02,Tea,1,2.2,mobile
2817,2026-03-29,08:44,Latte,3,3.8,card
2818,2026-03-29,09:38,Muffin,1,3.1,card
2819,2026-03-29,15:03,Muffin,1,3.1,card
2820,2026-03-29,09:32,Tea,3,2.2,cash
2821,2026-03-29,09:31,latte,2,3.8,card
2822,2026-03-29,12:45,Latte,1,3.8,cash
2823,2026-03-29,12:02,Cappuccino,2,3.6,cash
2824,2026-03-29,14:48,Tea,1,2.2,mobile
2825,2026-03-29,13:02,Latte,1,3.8,cash
2826,2026-03-29,15:52,Latte,2,3.8,cash
2827,2026-03-29,10:40,Croissant,2,2.9,mobile
2828,2026-03-29,16:16,Sandwich,1,6.5,mobile
2829,2026-03-29,10:20,Latte,2,3.8,mobile
2830,2026-03-29,09:35,Cappuccino,4,3.6,mobile
2831,2026-03-29,14:05,Tea,2,2.2,mobile
2832,2026-03-29,14:06,Latte,2,3.8,mobile
2833,2026-03-29,10:12,Muffin,1,3.1,cash
2834,2026-03-29,10:10,Latte,2,3.8,mobile
2835,2026-03-29,12:48,Latte,1,3.8,mobile
2836,2026-03-29,13:58,Cappuccino,1,3.6,card
2837,2026-03-29,09:58,Muffin,1,3.1,cash
2838,2026-03-30,15:05,Espresso,4,2.5,mobile
2839,2026-03-30,15:01,Latte,1,3.8,card
2840,2026-03-30,18:13,Cappuccino,2,3.6,card
2841,2026-03-30,17:35,Espresso,1,2.5,mobile
2842,2026-03-30,10:56,Cappuccino,1,3.6,mobile
2843,2026-03-30,09:27,Muffin,1,3.1,mobile
2844,2026-03-30,17:08,Latte,3,3.8,card
2845,2026-03-30,13:58,Latte,2,3.8,mobile
2846,2026-03-30,11:46,Croissant,1,2.9,card
2847,2026-03-30,18:53,Latte,2,3.8,mobile
2848,2026-03-30,11:35,Espresso,2,2.5,card
2849,2026-03-30,16:22,Cappuccino,2,3.6,card
2850,2026-03-30,12:31,Espresso,2,2.5,mobile
2851,2026-03-30,08:44,Latte,2,3.8,card
2852,2026-03-30,12:34,Tea,1,2.2,mobile
2853,2026-03-30,15:37, Sandwich ,1,6.5,mobile
2854,2026-03-30,13:15,Espresso,4,2.5,card
2855,2026-03-30,18:46,sandwich,2,6.5,mobile
2856,2026-03-30,17:26,Espresso,1,2.5,cash
2857,2026-03-30,15:27,Latte,1,3.8,card
2858,2026-03-31,10:21,Cappuccino,1,3.6,card
2859,2026-03-31,09:43, Cappuccino ,1,3.6,mobile
2860,2026-03-31,17:01,latte,1,3.8,card
2861,2026-03-31,10:31,Croissant,1,2.9,card
2862,2026-03-31,09:36,Latte,1,3.8,mobile
2863,2026-03-31,15:28,Espresso,1,2.5,mobile
2864,2026-03-31,12:19,Espresso,1,2.5,mobile
2865,2026-03-31,13:12,Sandwich,1,6.5,cash
2866,2026-03-31,16:24,Tea,4,2.2,mobile
2867,2026-03-31,13:52,Croissant,3,2.9,card
2868,2026-03-31,07:53,Cappuccino,2,3.6,card
2869,2026-03-31,15:20,Muffin,2,3.1,card
2870,2026-03-31,13:18,Muffin,1,3.1,card
2871,2026-03-31,08:05,Latte,1,3.8,mobile
2872,2026-03-31,09:50,Cappuccino,1,3.6,card
2873,2026-03-31,13:19,croissant,2,2.9,card
2874,2026-03-31,12:01,Muffin,2,3.1,card
2875,2026-03-31,08:55, Espresso ,1,2.5,mobile
